epoch,train_loss,train_supervised,train_consistency,train_cos,train_amp,train_grad,train_emd,val_clean_loss,val_clean_fidelity,val_noisy_loss,val_noisy_cos,val_noisy_amp,val_noisy_grad,val_noisy_emd,val_noisy_fidelity,val_single_clean_loss,val_single_clean_peak_mae_pm,val_single_clean_accuracy_5bin,val_single_noisy_loss,val_single_noisy_fidelity,val_single_noisy_peak_mae_pm,val_single_noisy_peak_rmse_pm,val_single_noisy_accuracy_1bin,val_single_noisy_accuracy_2bin,val_single_noisy_accuracy_5bin,val_sparse_noisy_loss,val_sparse_noisy_fidelity,val_doublet_noisy_loss,val_doublet_noisy_fidelity,val_continuous_noisy_loss,val_continuous_noisy_fidelity,ideal_scan_mae_pm,ideal_scan_accuracy_5bin,ideal_scan_catastrophic_over_1nm,selection_score,learning_rate,epoch_seconds
1,1.8200354872369766,1.8188778033781052,0.005788419340595428,0.7598778242921829,0.5136226672161743,0.00617735756544862,0.12454763360098005,1.275091493036598,0.2731970533041922,1.281083820387721,0.7269804356619716,0.2710326406140666,0.0066525538113637595,0.04549139244045364,0.2730195632020562,1.000345604494214,4301.152270287275,0.015625,1.000345878303051,0.022089469770435244,4300.996024161577,6402.01121065099,0.00390625,0.0078125,0.015625,1.034801196306944,0.057536057429388165,0.9921223074197769,0.034288131617358886,2.094713769853115,0.9736952912062407,4266.365605728497,0.018996833861023164,4756,3.273617198690772,0.001,139.6817909
2,1.1290340857982635,1.1272932974863052,0.008703941538454964,0.6462275808668136,0.23542657536696643,0.006300038135610521,0.03833024990815669,0.9016254115849733,0.4629051795345731,0.9172498602420092,0.5374543047510087,0.18634444824965612,0.004703400765265542,0.026545280729578735,0.4625456956564449,0.7762768473476171,240.99608737742528,0.779296875,0.7766310255974531,0.23100307071581483,239.6679631783627,763.4380659277539,0.34375,0.552734375,0.78125,0.7810577545315027,0.2916474621742964,0.6900502592325211,0.32139092264696956,1.4361894018948078,0.9868732187896967,4266.365605728497,0.018996833861023164,4756,2.1411465108394623,0.001,115.33048939999998
3,0.8370928625297547,0.8352972933340073,0.008977847070544958,0.4868773927688599,0.17063297984141856,0.0043449573968630285,0.026877780223619193,0.7475651658605784,0.5494900674384553,0.7677210776600987,0.45074168173596263,0.1552661880832602,0.004021614987777866,0.024179443619232188,0.5492583203013055,0.6543059926480055,164.86327812890522,0.880859375,0.6544212978333235,0.35145546961575747,164.99999634106643,688.5863406603592,0.63671875,0.802734375,0.880859375,0.6527784429490566,0.41282175946980715,0.5421359026804566,0.46713481843471527,1.1960187125951052,0.9912913851439953,4266.365605728497,0.018996833861023164,4756,1.6194080004934222,0.001,114.79086000000001
4,0.7044103333592415,0.7026654304671287,0.008724513346748427,0.4050596367883682,0.14567904132166878,0.0036179128733556717,0.02354367951445747,0.6413347476627678,0.6109130646012808,0.6601386142428964,0.38946686778217554,0.13234364856725733,0.0034690031761783757,0.022550201114654556,0.6105331322538189,0.5638872776180506,69.04297025175765,0.9453125,0.5636282954365015,0.4407051969319582,68.86718844179995,474.5219357483703,0.794921875,0.8984375,0.9453125,0.5554829724133015,0.5046402951702476,0.4355446510016918,0.5721113840118051,1.0522915925830603,0.9930090550333261,4266.365605728497,0.018996833861023164,4756,1.325329409679398,0.001,114.43111970000001
5,0.6091299383258819,0.6073825402188301,0.008736988606378436,0.3431013805580139,0.12926848250010983,0.0032006022226857022,0.021696538837486876,0.5609330970328301,0.6659928026201669,0.5863793245516717,0.33467582054436207,0.12297206135372107,0.003041678070303533,0.021820871364070626,0.6653241790190805,0.47530633863061666,25.253904816054273,0.98046875,0.47563409619033337,0.527327929623425,25.35156123485649,191.11207319780803,0.884765625,0.953125,0.98046875,0.4946604063734412,0.562369866296649,0.3716244036331773,0.6347763426601887,0.9711280018091202,0.9942322112619877,24.932511248102635,0.9775037493751042,43,1.108888420742005,0.001,113.51734489999996
6,0.5444490322089195,0.542705243692398,0.008718942314712331,0.298623767080307,0.11930569585214369,0.0028716214467817917,0.020731690331464634,0.5038178263930604,0.7007458057487383,0.5299294491996989,0.3000060832127929,0.11220324540795446,0.002747190828586099,0.02096860981316695,0.6999939167289995,0.4175377506762743,11.425780692661647,0.9921875,0.4179539866745472,0.5843537971377373,11.367186936695362,73.22375504104315,0.94140625,0.978515625,0.9921875,0.45939233992248774,0.5971663873642683,0.34572255285456777,0.6602320615202188,0.8992058448493481,0.995124077424407,24.932511248102635,0.9775037493751042,43,0.9693678108742461,0.001,113.8648905
7,0.5014040614771843,0.4996431735920906,0.00880443960967008,0.2710110290288925,0.11167683676084504,0.002655406626958866,0.02005171939211548,0.47356863622553647,0.735438420670107,0.4960153658175841,0.2655168646015227,0.11251931857918862,0.0025696439900002588,0.020811613581543043,0.7344831353984773,0.3988994434475899,4.94140608861926,1.0,0.3997892336919904,0.602427376434207,47.148437919531716,955.0690419254586,0.96484375,0.990234375,0.998046875,0.4133407985791564,0.6397286392748356,0.3160676844418049,0.689466604962945,0.9061410278081894,0.9953018184751272,24.932511248102635,0.9775037493751042,43,0.9055702245095745,0.001,114.72605839999994
8,0.4709719695210457,0.4691953916347027,0.008882889518840238,0.2498817313671112,0.10710618784802965,0.002463999465040397,0.01941953758114716,0.42538756679277867,0.7508351097349077,0.4632426374591887,0.25054505839943886,0.10385594686522381,0.0024399577580425102,0.018966742893951505,0.7494549416005611,0.3403775808401406,16.13281314348569,0.99609375,0.3401483269408345,0.6614153534173965,16.171875646250555,227.20446489922432,0.978515625,0.9921875,0.99609375,0.38299079425632954,0.6691737193614244,0.31807381147518754,0.6875961534678936,0.8129658903926611,0.9960250221192837,24.932511248102635,0.9775037493751042,43,0.8112034644000232,0.001,114.19755709999993
9,0.44800959844589233,0.4461830415415764,0.009132784579014406,0.23440039005756377,0.10340771909377537,0.0023289734927588145,0.0189372650091222,0.4037642104085535,0.7673293529078364,0.4337656297720969,0.23368602758273482,0.09748121617894867,0.002239673335907355,0.019572808263603747,0.7663139724172652,0.3259390196762979,3.398437380383257,1.0,0.3275959505699575,0.6738964710384607,3.2617186443530954,6.2967003584544505,0.986328125,0.99609375,1.0,0.3541424348950386,0.6960552297532558,0.3164597894065082,0.6891214158385992,0.792392160743475,0.9963245075196028,24.932511248102635,0.9775037493751042,43,0.7652678303420544,0.001,114.61974050000003
10,0.4307324480712414,0.4288220064806938,0.009552208485836162,0.22351119308948517,0.10024750341606327,0.002218206094810739,0.018375944839061704,0.3897762839915231,0.7781343185342848,0.41785803076345474,0.22293667681515217,0.09509636303721436,0.00219560581854239,0.01803627041201139,0.7770633231848478,0.27565974090248346,2.929687390860636,0.998046875,0.2763155708089471,0.7249481361359358,2.9101561340212356,6.075694237964624,0.982421875,0.99609375,1.0,0.34401423390954733,0.7043597437441349,0.3282151580788195,0.677638653665781,0.7611667774617672,0.9965064283460379,8.63022829527627,0.9983336110648225,3,0.6980798515724018,0.001,114.44570989999988
11,0.4157688004612923,0.41380604449391367,0.00981378058009781,0.21387801537036896,0.09763600787344388,0.0021442565464181826,0.01776635134408949,0.38947365584317595,0.7814154024235904,0.4194615693995729,0.21933209290727973,0.09787658182028736,0.0022085962049231966,0.01662181332358159,0.7806679070927203,0.2855338887311518,2.5195311463903636,1.0,0.2872847239486873,0.714146863669157,2.675781157449819,5.846339516420905,0.984375,0.99609375,1.0,0.3310500211082399,0.7146485485136509,0.3135615140199661,0.6921491697430611,0.783902183175087,0.9965408574789762,8.63022829527627,0.9983336110648225,3,0.7106525433482602,0.001,112.78354039999999
12,0.4024641034138203,0.40039672587394715,0.010336888436349109,0.20437257876396178,0.09576013250410557,0.002066563502443023,0.017188902996723772,0.3655140736955218,0.7950519900768995,0.39523643552092835,0.2067435118369758,0.09205235991021254,0.0020277336014942193,0.016741720547599925,0.7932564881630242,0.25095363380387425,9.453124795982148,0.99609375,0.2514171660877764,0.7497441042214632,9.374999819556251,156.12870226494934,0.984375,0.98828125,0.99609375,0.3203866211697459,0.7270400486886501,0.3279924690723419,0.677919602021575,0.7529676724225283,0.9969213176518679,8.63022829527627,0.9983336110648225,3,0.6583723516087048,0.001,114.09438399999999
13,0.39175265374541285,0.3895926678752899,0.010799929727725685,0.19702196736335753,0.09410133115700446,0.0020077477859635835,0.016669054139757063,0.3387691732204985,0.806262185331434,0.37661351857241243,0.1954577942378819,0.08823996448114713,0.001933276441121734,0.01792987027923232,0.8045422057621181,0.22436032048426569,13.789061846182449,0.99609375,0.22386599564924836,0.7780551370233297,119.687498852727,1774.7800268282062,0.984375,0.990234375,0.994140625,0.30975044425576925,0.7360905669629574,0.3395895240828395,0.66643519513309,0.694762609899044,0.9972353875637054,8.63022829527627,0.9983336110648225,3,0.6102451392216608,0.001,114.69984290000002
14,0.37952230198144915,0.3772362851166725,0.011430084934448824,0.1886744831466675,0.0921673225288,0.0019430276179593056,0.016131416682808195,0.33420109667349607,0.8064687284640968,0.372077008796623,0.19482373865321279,0.08631860604910457,0.0018734803554707469,0.017714838700754854,0.8051762613467872,0.20336236339062452,45.625002014276106,0.998046875,0.2034299240913242,0.7977102603763342,45.60547032451723,987.3102044824334,0.9921875,0.99609375,0.998046875,0.3118702652864158,0.735094590112567,0.34241853980347514,0.6640538945794106,0.6689288960769773,0.997390964999795,8.63022829527627,0.9983336110648225,3,0.5794131828879472,0.001,114.38508350000006
15,0.3692283064651489,0.36686335143089294,0.011824774992018939,0.1808528935956955,0.0909525615388155,0.0018890692601306364,0.015665711077260783,0.32870411771000363,0.8136886819265783,0.3676458089321386,0.1899624872021377,0.08673066654091599,0.0018815915854020204,0.01613531851350558,0.8100375127978623,0.2077543679624796,20.058594822330633,0.998046875,0.21107693924568594,0.7899537179619074,20.078125617146725,414.56774528177345,0.994140625,0.99609375,0.998046875,0.2906942837871611,0.7521216198801994,0.3141772272065282,0.6915673157200217,0.6798623157665133,0.9974720124155283,29.113481086459107,0.9976670554907515,13,0.5826289981778245,0.001,114.39120739999998
16,0.36001742258787156,0.35745100328445434,0.012832096656234936,0.17410757584095002,0.08965657990726177,0.0018421673103841021,0.015384204089294654,0.3153170590521768,0.8196664350107312,0.352271860698238,0.1815208848565817,0.08329719249798018,0.001803700987807133,0.015904889889071683,0.8184791151434183,0.20968592073768377,2.988281070429366,0.998046875,0.2142282745335251,0.7866820245981216,3.085937336436473,29.12124253002293,0.9921875,0.99609375,0.998046875,0.28247183095663786,0.7599079348146915,0.30410658940672874,0.7012947481125593,0.6672576870769262,0.9975569751113653,29.113481086459107,0.9976670554907515,13,0.5704063852317631,0.001,113.51259679999998
17,0.3503529409599304,0.3476700956070423,0.0134142268143408,0.16707531843662263,0.0883385717385495,0.0017809407541411928,0.014958158928458578,0.3100751581660006,0.8294263281859457,0.3462606432149187,0.1723216907121241,0.08490705417534627,0.0017464130925191057,0.015800811107368418,0.8276783092878759,0.16816239175386727,4.257812437572284,0.998046875,0.17038161540403962,0.8304062839597464,4.296874936699169,66.42664976393421,0.994140625,0.99609375,0.998046875,0.2848621429875493,0.7584451381117105,0.32294478127732873,0.6829021442681551,0.6712846253067255,0.9976119548082352,29.113481086459107,0.9976670554907515,13,0.5205485086189583,0.001,113.93928470000014
18,0.34130174233973026,0.33855516912460326,0.013732865889212116,0.1595015662384033,0.08762961949896998,0.0017401822229707613,0.01448138275680365,0.3286415975308046,0.830676447134465,0.3592171612253878,0.170757872518152,0.09235936349591611,0.0017513238428250588,0.014261717777728222,0.829242127481848,0.17136850906535983,2.148437466530595,0.99609375,0.1729371955152601,0.8280927240848541,2.187499947467586,21.231609714315503,0.9921875,0.99609375,0.99609375,0.2731837979517877,0.7682087887078524,0.31375004071742296,0.6918166801333427,0.7401049081236124,0.9972583223134279,29.113481086459107,0.9976670554907515,13,0.5360606067406479,0.001,113.66821969999978
19,0.33349299390614034,0.3306367847496271,0.014281045927423984,0.15391215942382813,0.08650573939217254,0.0016927331680746283,0.014175492906004656,0.29061008944700006,0.8393739084713161,0.3302585969795473,0.16260025883093476,0.0819119757956912,0.0016538018127505438,0.014676034227079526,0.8373997411690652,0.15381645411252975,1.26953120707185,1.0,0.15693486901000142,0.8437053486704826,1.3867187044525053,4.261931694798844,0.99609375,0.998046875,1.0,0.2738116104155779,0.7684234417974949,0.287206060718745,0.7179645784199238,0.6586904739961028,0.9977722261101007,29.113481086459107,0.9976670554907515,13,0.4891465909895487,0.001,115.10403359999964
20,0.32568895235061646,0.32273621567487715,0.014763683849638328,0.14758723974227905,0.08575682445466519,0.0016536454649851659,0.01387984973905317,0.2906257253307558,0.8465627739205956,0.3326439698521426,0.15526136383414268,0.08666640730444541,0.0016399287219073244,0.015543197933403974,0.8447386361658573,0.15210882108658552,1.3281249557621777,1.0,0.1530998005764559,0.8476760499179363,1.3476562016876414,4.215855362786828,0.99609375,0.998046875,1.0,0.2638109535910189,0.7786406800150871,0.27564311819151044,0.7293120138347149,0.6590454606339335,0.9977533351629972,1.5247458756859986,0.9995000833194467,1,0.4876968954285985,0.001,113.45672580000019
21,0.3178610527765751,0.31486661356806755,0.014972196273896843,0.14102581451892854,0.08514264120246284,0.001615270383496536,0.013575957773626142,0.2801067179243546,0.8485650797374547,0.31874612905085087,0.15349771594628692,0.08085064736451386,0.0016429510083639798,0.013531295881179517,0.8465022840537131,0.150748799322173,1.8945311567222234,0.998046875,0.15172938560135663,0.8489056564867496,1.8945311567222234,18.108828063157535,0.994140625,0.99609375,0.998046875,0.2640884746797383,0.7749586757272482,0.26870744954794645,0.7360842358320951,0.6320653045549989,0.9978619776666164,1.5247458756859986,0.9995000833194467,1,0.4743817646522075,0.001,114.9633789999998
22,0.31018618501067163,0.30718241093575954,0.01501886998238042,0.13517799526691437,0.08428339686419815,0.0015829272843943909,0.01311731680353987,0.28243031540296215,0.8631998049095273,0.31731707810968146,0.13850811123847961,0.08759409261143514,0.0015460450870286024,0.013864701163228688,0.8614918887615204,0.10628109006211162,0.7812499788997229,1.0,0.10773243790026754,0.8928153347223997,0.8984374762803782,3.6443448219561145,0.99609375,0.998046875,1.0,0.25865561747923493,0.7811024002730846,0.294394722674042,0.7109556794166565,0.6833273358643055,0.9976645149290562,1.5247458756859986,0.9995000833194467,1,0.427002641009949,0.001,113.56355099999973
23,0.30372042386472226,0.30068341013371946,0.015185068376688286,0.1299183247089386,0.08370263828430324,0.001553105429781135,0.012817993858766277,0.29252285063193995,0.8557660793885589,0.32237036964215804,0.14477341249585152,0.0869385256852766,0.001511679914784736,0.014274947418087436,0.8552265875041485,0.09045730880461633,3.3593749030842446,0.998046875,0.09329059818992391,0.9075395036488771,3.4374999013380148,62.37174260559504,0.99609375,0.998046875,0.998046875,0.2519634887576103,0.7887716107070446,0.28643891448155046,0.7187044192105532,0.68357970751822,0.997659545391798,1.5247458756859986,0.9995000833194467,1,0.41761409283208195,0.001,114.55913240000018
24,0.2983270172959566,0.2952420013177395,0.015425080192713067,0.12540978395938873,0.0832685262047872,0.0015235325064440258,0.01257124715563841,0.26850952042877907,0.8717089486308396,0.3009465816778629,0.1296532596461475,0.08377909619630408,0.0014879357545538596,0.014345335577374385,0.8703467403538525,0.09419993971823715,1.6796874297142494,0.998046875,0.09793721183086745,0.9029896408319473,1.7578124061401468,23.584951107233618,0.99609375,0.998046875,0.998046875,0.24701456725597382,0.7921922691166401,0.27544159488752484,0.7295030001550913,0.6532281283289194,0.9977764878422022,1.5247458756859986,0.9995000833194467,1,0.4008369185087304,0.001,113.82379829999991
25,0.29252830845743416,0.28943487735152246,0.015467155311284586,0.12118115306377411,0.08250986025972291,0.0014922017486870755,0.012339134043670201,0.2834530788102453,0.8526229127310216,0.31864061541205047,0.15158617170527577,0.08166534341140075,0.0014825689989006463,0.014302011966544459,0.8484138282947242,0.08152225816593273,2.441406177240424,0.998046875,0.08797594968928024,0.9137813597917557,3.2617187025607564,44.72791028984358,0.994140625,0.99609375,0.99609375,0.24918710440397263,0.7898764796555042,0.3175442195497453,0.6881117094308138,0.649909844622016,0.9978623166680336,11.069821696373868,0.9971671388101983,10,0.4105228151013307,0.001,115.3658019000004
26,0.2874332598859072,0.2843925004827976,0.015203796939100138,0.1169409736251831,0.08213985784516205,0.0014673119539231993,0.01210031985503796,0.24880303378085955,0.8735282504931092,0.2912875441770666,0.12992068519815803,0.07890708894645115,0.0014464867197219178,0.013632128484545092,0.870079314801842,0.07552308699814603,0.5078124850115273,1.0,0.07951386750210077,0.9208627417683601,0.60546873282874,2.538761963783923,0.998046875,1.0,1.0,0.23919696640223265,0.7991188913583755,0.27753457985818386,0.7274490799754858,0.609990406781435,0.9981135632842779,11.069821696373868,0.9971671388101983,10,0.37080141167916736,0.001,114.00766520000025
27,0.2824065720880032,0.27933411843568084,0.015362268019216136,0.11321998571872711,0.08148344230530784,0.0014423683430231176,0.012012044616664061,0.23483261940464217,0.878880959469825,0.2769641657177999,0.12207996053621173,0.07556494625756471,0.0014154485872381883,0.014451065069529534,0.8779200394637883,0.08693356835283339,0.7031249842839316,1.0,0.08997276582522318,0.9108841195702553,0.7031249842839316,2.724311800085658,0.998046875,1.0,1.0,0.24380277330055833,0.7963027004152536,0.24779240461066365,0.7569880522787571,0.5953435115516186,0.9981549456715584,11.069821696373868,0.9971671388101983,10,0.3669369315430231,0.001,112.88363119999985
28,0.27720705756545067,0.2742182668560743,0.014943953503770754,0.10873735769748688,0.08122006696709898,0.001418016956751235,0.011595894556055428,0.26269746854865816,0.8773013651371002,0.29753185245846764,0.12566958600655198,0.08410807747770697,0.0013791286502487878,0.01403279802571376,0.874330413993448,0.06288678132114,0.5859374869032763,1.0,0.06643744968459941,0.9341260902583599,0.5664062373398338,2.538761969381476,0.99609375,1.0,1.0,0.23717475309967995,0.8011960200965405,0.2577878125011921,0.7468844000250101,0.6578411050140858,0.9978784210979939,11.069821696373868,0.9971671388101983,10,0.36396930214306705,0.001,113.61371439999994
29,0.2730239453905821,0.2699708122345805,0.015265665985434317,0.10555067879199982,0.08069730032037478,0.0013899840122519526,0.01154613763877278,0.2530359973533223,0.8788434877060354,0.2906257310573892,0.12401093123480678,0.08141709756455917,0.0013646823568720379,0.014576551224120493,0.8759890687651932,0.06474395375698805,2.4414061226707418,0.998046875,0.0678289459028747,0.9328957125544548,6.152343630674295,93.13653556336214,0.9921875,0.99609375,0.99609375,0.23777537932619452,0.8019328992813826,0.2924114363268018,0.7132347077131271,0.6315707853063941,0.9980353359133005,11.069821696373868,0.9971671388101983,10,0.3623609269602639,0.001,113.12069849999989
30,0.26797623006999494,0.2649571293106675,0.015095504025211558,0.1017850252342224,0.08009704449608922,0.0013664919467351864,0.011365464404252706,0.24481815232502413,0.886139890179038,0.28356644000086817,0.11568105360493064,0.08215386763134802,0.0013523393477470336,0.013769666201053354,0.8843189463950694,0.07780792494304478,0.4882812390860636,1.0,0.08288895688019693,0.9178616181015968,79.0624982000736,1777.0492649665769,0.99609375,0.998046875,0.998046875,0.23148521315306425,0.8058223873376846,0.22413997957482934,0.7799365073442459,0.6473528426140547,0.9979710429906845,10.109981669712518,0.9996667222129645,2,0.3684085218810651,0.001,113.92345650000016
31,0.26266193255096676,0.2596387313190103,0.015116006380985491,0.0979765236711502,0.07937424440586008,0.0013383202329021878,0.011119547421517781,0.21752830841069226,0.8958042035810649,0.2610336318011832,0.10714803962036967,0.07515965422844673,0.0013210780734027594,0.013736702255322086,0.8928519603796303,0.08385361492400989,0.683593734720489,1.0,0.08364403835730627,0.9167507123202085,3.6132810710114427,68.98680345590533,0.99609375,0.998046875,0.998046875,0.23422814439982176,0.803704435005784,0.22149055963382125,0.782523849979043,0.5905228015035391,0.9981989320367575,10.109981669712518,0.9996667222129645,2,0.3466307951584895,0.001,115.0660227000003
32,0.2594859743207693,0.25644315674722196,0.015214087747950108,0.0951349113559723,0.07921880286848172,0.001314786181343952,0.01095664398858673,0.2471406448877153,0.8897119942121208,0.2833812850947055,0.11349101038649678,0.08322396914532026,0.0013093687821048583,0.013245600078832354,0.8865089896135032,0.05012942646135343,0.33203124257852323,1.0,0.05536699990625493,0.9449046459048986,0.42968749039573595,2.165063482114044,0.998046875,1.0,1.0,0.23010309878736734,0.8075410816818476,0.2316679754294455,0.7725981827825308,0.6593596562743187,0.9979960042983294,10.109981669712518,0.9996667222129645,2,0.33874828500096044,0.001,114.33492010000009
33,0.2545075107499957,0.25153882866978644,0.014843410900356247,0.09093459424972535,0.0788894034727756,0.0012981415788258892,0.010782453214724083,0.21826944433132667,0.895260835532099,0.2592130263983563,0.10689861280843616,0.07447927334643367,0.0012922591150967833,0.01290655746792524,0.8931013871915638,0.058834320756432135,0.42968749039573595,1.0,0.0632712654696661,0.9370550774037838,0.5273437382129487,2.37992905656475,0.998046875,1.0,1.0,0.22868317691609263,0.8081257157027721,0.2218705816194415,0.7822602540254593,0.5838614627718925,0.9982776511460543,10.109981669712518,0.9996667222129645,2,0.3224842918680224,0.001,113.16100030000007
34,0.2502988126605749,0.24731628483265639,0.014912639635265805,0.08773943357467652,0.07839737464201636,0.001277722711787792,0.01061731846742332,0.2481357423980809,0.8765835859812796,0.2887484215974113,0.12760175997391343,0.07840614049444443,0.0012206405699410235,0.016849266554299518,0.8723982400260866,0.04362955219972904,4.960937287250999,0.998046875,0.047413395017201765,0.9536097794771194,4.960937287250999,104.31884369137451,0.994140625,0.998046875,0.998046875,0.23654219787567854,0.8031200915575027,0.31076804595068097,0.6947321482002735,0.5971416225656867,0.9982126411050558,10.109981669712518,0.9996667222129645,2,0.3381149416146131,0.001,114.4397197000003
35,0.2468224635463953,0.2438518090456724,0.014853272911896928,0.08539546540260315,0.07786761704981793,0.0012527737398003228,0.010383329484347488,0.21466769238658046,0.9047176260501146,0.2516614553019565,0.09708889480680227,0.07550768397152652,0.0012296339036419468,0.013736913460986377,0.9029111051931977,0.04510588699577056,0.3515624921419658,1.0,0.05097076295351144,0.9495314601808786,0.4492187399591785,2.2963965924766447,0.99609375,1.0,1.0,0.2259336612187326,0.8116657044738531,0.20719652972184122,0.7967568971216679,0.5823455294594169,0.9982959441840649,0.2899516747206161,1.0,0,0.30263221825546793,0.001,113.58360529999982
36,0.24256461437612772,0.2395979863652587,0.014833140108836814,0.081870526638031,0.07751312040999997,0.0012369155762181618,0.010310109376491745,0.21370284749280438,0.9067686968483031,0.25695566035268236,0.0973798856139183,0.07808809877442249,0.0012158133539063032,0.013111984726601689,0.9026201143860817,0.04059155503819056,0.3515624921419658,1.0,0.03910133257478278,0.9612511750310659,0.35156248850398697,2.0728904643615285,0.99609375,1.0,1.0,0.2240248774178326,0.8136099968105555,0.2150068252813071,0.7891068123281002,0.608853624202311,0.9981882199645042,0.2899516747206161,1.0,0,0.2960569929274651,0.001,114.59103419999974
37,0.23899826199755073,0.23602808697655797,0.014850875225858763,0.07901410717010499,0.07715580941056832,0.0012191310978948604,0.010321791201988817,0.21708471889805386,0.903316258918494,0.25526898085792205,0.09911874402314425,0.07633924118752661,0.0012038555495754721,0.013405483035651977,0.9008812559768558,0.04872871850852789,0.46874998952262104,1.0,0.05273045131616527,0.947548408061266,0.4882812390860636,2.2963966048533,0.998046875,1.0,1.0,0.22587947826832533,0.8110838141292334,0.21622468531131744,0.7879727631807327,0.5981474630534649,0.998235821723938,0.2899516747206161,1.0,0,0.3079994321740873,0.001,114.14945379999972
38,0.23596009522169828,0.23298078014224768,0.014896575482962653,0.07633452237129211,0.07700050195626448,0.0011990255377138965,0.01010140511476784,0.21665948862822287,0.9019592138938606,0.2583601017402485,0.10224704071879387,0.0763244340516282,0.0011819174335541709,0.013384007779772158,0.8977529592812061,0.02976169361227221,0.23437499476131052,1.0,0.03212425263700425,0.9681406561285257,0.23437499476131052,1.6535945356378368,0.998046875,1.0,1.0,0.22399076167494059,0.8128539808094501,0.24092895817011595,0.7635887693613768,0.5872751669958234,0.9983014166355133,0.2899516747206161,1.0,0,0.29048435437725273,0.001,112.37720869999976
39,0.233466933375746,0.23050430544361472,0.014813139057955704,0.07474548444747925,0.07657012133058161,0.0011846602441754658,0.010000449454377522,0.21197118710074392,0.9097004598006606,0.2509375180108222,0.09270262531936169,0.07737325008861795,0.0011683372196793496,0.01348623922693093,0.9072973746806383,0.039122254446738225,0.3515624921419658,1.0,0.042097648736671545,0.9581030514091253,0.3710937417054083,2.025231442671631,0.998046875,1.0,1.0,0.2222313927486539,0.8147502336651087,0.19723531673662364,0.8065584488213062,0.6130515038967133,0.9982330817729235,0.2899516747206161,1.0,0,0.29303516674749375,0.001,114.07772109999951
40,0.22931082633823158,0.22635175602942706,0.014795351432189345,0.07145334517478943,0.0761566680734465,0.001167676158763934,0.009873228879691451,0.20069577063267374,0.9086290034465492,0.24273814503578706,0.09417625889182091,0.0727519650510855,0.0012127287006347132,0.011746734878737897,0.9058237411081791,0.05147617112379521,0.42968749039573595,1.0,0.051277547630888876,0.9489608239382505,0.4101562408322934,2.209708650434795,0.99609375,1.0,1.0,0.2177151432260871,0.8165747132152319,0.17884681886062026,0.8247298765927553,0.5908753201365471,0.9983232468366623,0.42659556740504445,0.9998333611064822,0,0.29401569266667593,0.001,114.30029959999956
41,0.22722692695334554,0.22427839322969317,0.014742668811483308,0.0698051190328598,0.07595934703965206,0.001155316477724118,0.009756193709245709,0.21363920467490516,0.9038867554627359,0.2500459019910295,0.09655426815152168,0.075040674690805,0.0011627195222381204,0.013176043180594732,0.9034457318484783,0.06096102803712711,0.4882812390860636,1.0,0.06230480755039025,0.9379619974642992,0.5078124886495061,2.3385358311187034,0.998046875,1.0,1.0,0.21916036866605282,0.8168870378285646,0.18527872255071998,0.8184391297399998,0.6063738847151399,0.9983062651008368,0.42659556740504445,0.9998333611064822,0,0.31235070954141975,0.001,115.4486137999993
42,0.22342097989216447,0.22049031057864427,0.014653347018398344,0.0668281197977066,0.0755682963647251,0.0011407805960124825,0.009646080324156791,0.1974132288414694,0.9080949225462973,0.24537745259021904,0.09493499621748924,0.07353134796573713,0.0011494627965582538,0.01305925050991874,0.9050650037825108,0.03630889972919249,0.23437499476131052,1.0,0.038791214046796085,0.9616263750940561,0.29296874345163815,1.9263793405301226,0.99609375,1.0,1.0,0.22047052858397365,0.8168440777808428,0.18671944714151323,0.8170289751142263,0.5648158807307482,0.9984233491122723,0.42659556740504445,0.9998333611064822,0,0.2841686666370151,0.001,114.26505419999921
43,0.22128504583388567,0.21832166153207422,0.01481692167204339,0.06546787652492524,0.07517794676491292,0.0011261847232229775,0.009541091439695738,0.19461761932517777,0.916782810818404,0.23491872034953595,0.08634986821562052,0.07264235865085869,0.0011296124234832824,0.012684690013172007,0.9136501317843795,0.02570512945749215,0.15624999650754035,1.0,0.028321437133172367,0.9723861999809742,90.07812261188519,2034.2582734309835,0.99609375,0.998046875,0.998046875,0.21464357199147344,0.8203468415886164,0.20062106102705002,0.8032799493521452,0.5798982558771968,0.9984042514115572,0.42659556740504445,0.9998333611064822,0,0.26519328248270835,0.001,113.93314420000024
44,0.21872835865005852,0.21578052016302943,0.014739192765895278,0.06315623174190521,0.07507921515362104,0.00111544994350872,0.009417252605500108,0.20974288931392948,0.9030719175934792,0.24689571362432616,0.09682630561292171,0.07351920787137978,0.0011858625995344596,0.0116496222501965,0.9031736943870783,0.07235421921359375,3.320312491268851,0.998046875,0.07249244558624923,0.9278069883584976,0.5078124886495061,2.3385358371955203,0.998046875,1.0,1.0,0.21664115833118558,0.8178053870797157,0.17397803044877946,0.8294878136366606,0.5798957059159875,0.9983895719051361,0.42659556740504445,0.9998333611064822,0,0.3193881592105754,0.001,113.21410670000023
45,0.2162700283780694,0.21336452517658472,0.01452751591538312,0.0613304238986969,0.07480088002771605,0.0011050681811838876,0.009287337379717356,0.18395967525931667,0.9221141505986452,0.22821725292407546,0.08165890211239457,0.07156665332930663,0.001092114926043946,0.013263331621909822,0.9183410978876054,0.022585769993517368,0.1757812460709829,1.0,0.022909945407945553,0.9772190228104591,0.15624999650754035,1.397542453032232,0.998046875,1.0,1.0,0.21394891059026122,0.8218163792043924,0.17083210032433271,0.8326392453163862,0.5760617777705193,0.9984246417880058,0.11998000333266876,1.0,0,0.251127198332021,0.001,114.48226380000051
46,0.2135494140943885,0.21059034560635687,0.014795342130875215,0.059748062725067136,0.07420766631127335,0.0010897127726930194,0.009271915530852857,0.20632061207186658,0.911498841829598,0.24955747514764523,0.09437273256480694,0.07577078228618818,0.0011136426213486988,0.014127250635332926,0.9056272674351931,0.01813169401319818,0.23437499476131052,1.0,0.018536955625087614,0.9815795365720987,0.15624999650754035,1.5309310699022,0.99609375,1.0,1.0,0.21331000560894608,0.8221591357141733,0.22359186434186995,0.7806867714971304,0.5893681719899178,0.9983230568468571,0.11998000333266876,1.0,0,0.2680944307727329,0.001,114.51774229999955
47,0.21077264402836562,0.2078956153844297,0.014385143539700657,0.05760867649555206,0.07395108805500204,0.0010780864477698924,0.009107816876375291,0.18332357350425355,0.9181547351181507,0.22797558207730617,0.08317977795377374,0.07080450692130036,0.001106234189325761,0.012304668898170945,0.9168202220462263,0.03722549914891715,0.21484374519786797,1.0,0.038408703345339745,0.9617740027606487,0.2734374938881956,1.6535945485287127,1.0,1.0,1.0,0.21559341810643673,0.8196666222065687,0.1661538474727422,0.8372157942503691,0.5498347310349345,0.9985414631664753,0.11998000333266876,1.0,0,0.2663842854226459,0.001,114.43119480000041
48,0.20952146131530405,0.2066409162336588,0.014402725616279059,0.05640378421783447,0.07394012924030656,0.0010676313458266669,0.009000441819736152,0.21466838457070736,0.8969702529720962,0.2575513069225049,0.10889716167002916,0.0724826236588671,0.001089166794920103,0.01431992998028662,0.8911028383299708,0.017400759900014013,2.3046874412102625,0.99609375,0.018009102062550544,0.9828007239848375,0.4101562517462298,7.564824176424191,0.998046875,0.998046875,0.998046875,0.21976011665537953,0.8172629550099373,0.26856411155313253,0.7375205140560865,0.5843149237334728,0.9984129518270493,0.11998000333266876,1.0,0,0.2775135339850554,0.001,113.51612959999966
49,0.20787030378445984,0.20496854193165898,0.014508809591103344,0.05496400001049042,0.0738329552920512,0.00105787002077559,0.008931377835820313,0.19525190513015395,0.9239524230360985,0.23597977805134968,0.07974464958533645,0.07642234093298761,0.0010745905575712444,0.013131952321448585,0.9202553504146636,0.016869257854523312,0.1367187469440978,1.0,0.018480123219253262,0.9816166013479233,0.19531249563442543,1.397542468284922,1.0,1.0,1.0,0.2136909575201571,0.8220453020185232,0.1684106767643243,0.8353319019079208,0.5918495720252395,0.9983534757047892,0.11998000333266876,1.0,0,0.2544599012706029,0.001,112.42150630000015
50,0.20539362129881977,0.20252646784603595,0.014335767044359819,0.053109836988449094,0.07355032054421026,0.0010491194577328861,0.00884431097087654,0.1995577059375562,0.9166884650476277,0.24728549431690416,0.09014955814927816,0.076700958500077,0.0010540868310086856,0.014514450919951006,0.9098504418507218,0.01239729354390368,0.07812499825377017,1.0,0.0157326919866601,0.984716871753335,0.05859374869032763,0.7654655349511,1.0,1.0,1.0,0.21123135089874268,0.8239741120487452,0.2135026785545051,0.7906471472233534,0.5967506356537342,0.9983675964176655,0.09331778036985347,1.0,0,0.26301818630356427,0.001,114.18992849999995
51,0.2040113516253233,0.20116231629282236,0.014245176384323276,0.051990795016288754,0.07343876547980123,0.0010401603156258352,0.008759897539333907,0.17381001596052106,0.925828660838306,0.2211744339597995,0.07870337693020701,0.0696144452299787,0.0010476504693600354,0.012549603085706053,0.921296623069793,0.010611835672762027,0.07812499825377017,1.0,0.016520170181138383,0.9838041998445988,0.11718749738065526,1.082531741057022,1.0,1.0,1.0,0.20817569317296147,0.8265259303152561,0.16953880223445594,0.8338962700217962,0.5667996779084206,0.998507097363472,0.09331778036985347,1.0,0,0.23769460414093788,0.001,114.28346679999959
52,0.20256872276082635,0.199715241497159,0.014267406223136932,0.05092876190185547,0.07324653893545735,0.0010250885001197457,0.008763571755073208,0.18922641624904907,0.9284259588457644,0.2302148839439739,0.07420898042619228,0.07640631866906472,0.001040362064521018,0.012356923209159376,0.9257910195738077,0.022115834828582592,0.19531249563442543,1.0,0.02627725216188992,0.9738525953143835,0.19531249563442543,1.397542468284922,1.0,1.0,1.0,0.20772640453651547,0.8267757259309292,0.14898847020231187,0.8541676662862301,0.598785444162786,0.9982819687575102,0.09331778036985347,1.0,0,0.25649213610586385,0.001,113.77002269999957
53,0.2016560812345147,0.1987949708992988,0.014305551622472703,0.05041004874229431,0.07305530770053621,0.0010149104995152446,0.00869126302052813,0.18915992705723697,0.9272099044173956,0.2345654870110722,0.0775053002871573,0.07689255827798337,0.0010293831491901462,0.012688522354261026,0.9224946997128427,0.02433714519515462,0.25390624432475306,1.0,0.022548160463284762,0.9775662943720818,0.21484374519786797,1.4657549064307798,1.0,1.0,1.0,0.2077573067508638,0.8269800171256065,0.15390742488671094,0.8492864184081554,0.5859141554683447,0.9983595181256533,0.09331778036985347,1.0,0,0.25711364747435694,0.001,113.33130110000002
54,0.19850990981914102,0.1957192360293865,0.013953369108885528,0.048617940468788146,0.07243932508915896,0.001000846235366189,0.00849024305768049,0.18041895495031857,0.9303181781433523,0.22077634512519906,0.07336767669767141,0.07223670142099833,0.0010317479924185074,0.01132836094335641,0.9266323233023286,0.015039688400975137,0.07812499825377017,1.0,0.02031494955076596,0.9803481064736843,0.11718749738065526,1.082531741057022,1.0,1.0,1.0,0.20428083091974258,0.8289046809077263,0.15473177679814398,0.8485234808176756,0.5783664472401142,0.9984722267836332,0.09331778036985347,1.0,0,0.24109129467596502,0.001,113.97392260000015
55,0.19847849824890496,0.19565047200769187,0.014140131581495515,0.04817545854091644,0.07262365545003209,0.0009954029098933096,0.008512649601474404,0.18088551331929584,0.9301404962316155,0.22287835675805118,0.07470585638657212,0.07231105824316902,0.0009933953492729502,0.013804172436771628,0.9252941436134279,0.016891865545228354,65.42968243229552,0.998046875,0.01781625376361262,0.9824809953570366,65.44921368185896,1478.7373568203086,0.998046875,0.998046875,0.998046875,0.21047053905203938,0.8255745470523834,0.14689710875973105,0.8561929650604725,0.5729429749771953,0.9984586220234632,5.647392101311311,0.9998333611064822,1,0.2426477355216638,0.001,112.46116789999996
56,0.19631545168727638,0.19352417296141386,0.013956393829956651,0.046901788954734805,0.072208677668944,0.0009845196552720154,0.008426306896017631,0.1891108795442199,0.9275872805155814,0.2334341073669005,0.07581480732187629,0.0771686609123032,0.0010027323348325656,0.01272681854970895,0.9241851926781237,0.01327226497664924,0.09765624781721272,1.0,0.011926931675134256,0.9881277866661549,0.07812499825377017,0.883883465318797,1.0,1.0,1.0,0.2079767151735723,0.8273048996925354,0.1670082090422511,0.8364761304110289,0.5878329481929541,0.9983995426446199,5.647392101311311,0.9998333611064822,1,0.24536103904203477,0.001,115.03115099999923
57,0.194848880841583,0.19206188527986406,0.013934978150092066,0.04606193235874176,0.07190995248971041,0.000973596259841579,0.008330753224208893,0.1713275037259989,0.9289906551130116,0.22091601868194838,0.07321400381624699,0.07215175896481789,0.0009917828154405828,0.01319726840919519,0.926785996183753,0.022176898152508784,0.07812499825377017,1.0,0.02583305645021028,0.9742859993129969,0.1757812460709829,1.3258251979781956,1.0,1.0,1.0,0.2130885566584766,0.8232389949262142,0.13652445492334664,0.866610337048769,0.5560851087793708,0.9985574167221785,5.647392101311311,0.9998333611064822,1,0.24674907513215866,0.0005,114.33745249999993
58,0.16683143445931375,0.16443128783002495,0.012000733182993717,0.030951218967437744,0.06576860960268183,0.0008362046339939115,0.007436916870773566,0.13983082929501767,0.9438287843950093,0.19545515628313917,0.0588524523191154,0.06680158813511868,0.0008227502208090381,0.011669015287495234,0.9411475476808846,0.004148125798619538,0.019531249563442543,1.0,0.005444382372281814,0.9945808406919241,0.019531249563442543,0.4419417326593985,1.0,1.0,1.0,0.1996934269554913,0.8335853423923254,0.10883119376376271,0.8937618564814329,0.5152815133333206,0.9987008590251207,5.647392101311311,0.9998333611064822,1,0.20089953865542098,0.0005,114.15665900000022
59,0.16383061962343753,0.16145525614801795,0.011876817158542108,0.028482080249786376,0.06557746241242392,0.0007656594533886528,0.006966740406098834,0.14242654837779525,0.9433548701927066,0.19206798502864506,0.05852837115526199,0.06526707228274073,0.0007947773748531854,0.011703960702070498,0.941471628844738,0.0029948168081950642,0.019531249563442543,1.0,0.005340207681087119,0.994686720892787,0.019531249563442543,0.4419417326593985,1.0,1.0,1.0,0.19960106909275055,0.8338925335556269,0.10395675140898675,0.8985867388546467,0.519413179717958,0.9986884035170078,5.647392101311311,0.9998333611064822,1,0.19740819270973217,0.0005,115.13039500000014
60,0.16275922577247023,0.1603876228568703,0.011858014503030572,0.027803401618003844,0.0654061376049358,0.0007459014022166957,0.0067894232059780915,0.1445732363266052,0.9444403508678079,0.19347947025583132,0.05840498814359307,0.06597917028910819,0.0007649357219591538,0.012158598385853278,0.9415950118564069,0.002619346090133682,0.019531249563442543,1.0,0.0037962881703467242,0.9962253253906965,0.019531249563442543,0.4419417326593985,1.0,1.0,1.0,0.20066490350291133,0.8335999455302954,0.10447512450627983,0.8979852553457022,0.5150302248075604,0.9987044986337423,0.019996667222111457,1.0,0,0.19727575842617803,0.0005,114.36329990000013
61,0.16131543792475014,0.15894979676894844,0.011828205603791867,0.02710642258644104,0.06504321665843484,0.0007370725994318491,0.006732934080485138,0.14264246393626068,0.9435789645649493,0.191621890922633,0.05837389826774597,0.0651383407337836,0.0007752731723749956,0.011575134894933503,0.941626101732254,0.0035036411296573223,0.019531249563442543,1.0,0.005304962151419365,0.9947229474782944,0.019531249563442543,0.4419417326593985,1.0,1.0,1.0,0.1972819333896041,0.8356461618095636,0.10303803079295903,0.8993803840130568,0.5140902772545815,0.998713219538331,0.019996667222111457,1.0,0,0.19692685307405236,0.0005,114.29581879999932
62,0.1601745899292454,0.15783029465790838,0.01172147634149529,0.026481586833000184,0.06480580325968215,0.0007286065714800497,0.006656962504441544,0.13380487974552877,0.9437757530249655,0.18805202805250215,0.058617580216377974,0.06325017151662066,0.0007598863668215628,0.011432465982094945,0.941382419783622,0.004788969255716669,0.039062499126885086,1.0,0.006170647650150151,0.9938595741987228,0.039062499126885086,0.624999992105586,1.0,1.0,1.0,0.19998187804594636,0.8331756051629782,0.09788605640642345,0.9045748710632324,0.4976880121976137,0.9987964686006308,0.019996667222111457,1.0,0,0.1942226757026523,0.0005,114.67521159999978
63,0.15970293057583274,0.15738443090051413,0.011592498426903039,0.02620087601661682,0.0647256763737253,0.0007224010668223491,0.006639847658563813,0.13557544735872493,0.9453837145119905,0.1896960319818745,0.05735963303595781,0.0646048456703027,0.0007560312019776233,0.012204420149850856,0.9426403669640422,0.003810040627535656,0.019531249563442543,1.0,0.005356846419552903,0.9946735110133886,0.039062499126885086,0.624999992105586,1.0,1.0,1.0,0.19940030947327614,0.8346246760338545,0.1059751755092293,0.8965863697230816,0.5119677474722266,0.9987586364150047,0.019996667222111457,1.0,0,0.1950528784014274,0.0005,115.45517990000008
64,0.1590961320937425,0.15676141542788594,0.011673583256832789,0.025683049325942994,0.06467688085914357,0.000717147130582307,0.0066115587570180654,0.1342688651842971,0.9456838723272085,0.1876802013586632,0.057637433521449566,0.06341723785459877,0.0007468248572252091,0.012534438613776708,0.9423625664785504,0.003118388383874727,0.019531249563442543,1.0,0.0056180086433772975,0.9944076929241419,0.019531249563442543,0.4419417326593985,1.0,1.0,1.0,0.2044420624151826,0.8307438902556896,0.09593699185643345,0.9064934682101011,0.4994809813797474,0.9987800382077694,0.019996667222111457,1.0,0,0.1932982100020405,0.0005,114.32142100000056
65,0.1587257859697938,0.15639142865166067,0.011671786024952308,0.025406627626419067,0.06463101249648724,0.0007112632585910615,0.006606598871848546,0.14794515280796738,0.9429046018049121,0.19387216487562856,0.05866839410737157,0.0661091641584517,0.0007567898949516567,0.01163905488092932,0.9413316058926284,0.005758183579082817,0.019531249563442543,1.0,0.009011376531248061,0.9910314027220011,0.05859374869032763,0.7654655349511,1.0,1.0,1.0,0.20268354611471295,0.8310699108988047,0.1017857741098851,0.9007183369249105,0.5223977826535702,0.9986793249845505,0.024995834027639323,1.0,0,0.20288354140687662,0.0005,113.4937946
66,0.15818318778518586,0.15585495581541212,0.011641159761610906,0.025226579694747925,0.06445821039024274,0.0007068569289165316,0.006565078365962181,0.13234653919794528,0.9464898956939578,0.18584375303024847,0.05563251907005906,0.06358950547931752,0.0007446663580807356,0.011831025694069573,0.9443674809299409,0.0028403023842592198,0.019531249563442543,1.0,0.003984808749927277,0.9960379563271999,0.019531249563442543,0.4419417326593985,1.0,1.0,1.0,0.20230703940615058,0.8318307138979435,0.09954513679258525,0.9028892200440168,0.496867461130023,0.9987576585263014,0.024995834027639323,1.0,0,0.18982856178017574,0.0005,113.8986832999999
67,0.15758210911795498,0.15525361532241105,0.011642469088165089,0.02485308503627777,0.06434855382838985,0.0007052989659181913,0.006531570503868715,0.137979731128468,0.9457471985369921,0.1894650574720012,0.056558335199952126,0.06496153086359911,0.0007479264442013299,0.011635474425432984,0.9434416648000479,0.00484255268165172,0.039062499126885086,1.0,0.007699488917062739,0.9923390857875347,0.039062499126885086,0.624999992105586,1.0,1.0,1.0,0.20122964773327112,0.8323786240071058,0.10060763137880713,0.9017836675047874,0.5029208734631538,0.9987734705209732,0.024995834027639323,1.0,0,0.19716454638906394,0.0005,114.8788611
68,0.15673149348776788,0.15443801612120123,0.011467386827040463,0.0244564378118515,0.06414241819759366,0.0006993907210286125,0.00650721164095914,0.13553356511587084,0.9449440953321755,0.18887749823116146,0.05781760532408953,0.06388928609446379,0.0007258994218419124,0.012834921797740415,0.9421823946759105,0.0023248838800741436,0.019531249563442543,1.0,0.0037372561328602723,0.9962834510952234,0.039062499126885086,0.624999992105586,1.0,1.0,1.0,0.20830158051103354,0.8272494245320559,0.10353938606567681,0.8989969901740551,0.49830262269824743,0.9987872838973999,0.024995834027639323,1.0,0,0.19261475436402173,0.0005,114.63836689999971
69,0.1562293972287327,0.15392870613023638,0.011503455991852098,0.024333699469566344,0.06394490349203581,0.0006967176235918305,0.006542111966184093,0.1327427242263,0.9464959469623864,0.18770214621172776,0.056493103969842196,0.06410569736973523,0.00073717399936729,0.011695720617507692,0.9435068960301578,0.002145065335665446,0.019531249563442543,1.0,0.0033176096697260424,0.9967028181999922,0.019531249563442543,0.4419417326593985,1.0,1.0,1.0,0.20300622889772058,0.831194918602705,0.09977065492421389,0.9027028661221266,0.5046230871230364,0.9987884052097797,0.024995834027639323,1.0,0,0.1910197558814538,0.0005,114.53620890000002
70,0.15574460792310535,0.15346146096814423,0.011415735054593533,0.02403838948249817,0.0638662161959987,0.00069206183321774,0.00648573160225802,0.13335732643974946,0.9462502803653479,0.18711633805543693,0.05689015332609415,0.06350653623896528,0.0007211495852273655,0.01256398662188954,0.9431098466739058,0.0051471480373539505,0.05859374869032763,1.0,0.005919349072743602,0.9941155482083559,0.039062499126885086,0.624999992105586,1.0,1.0,1.0,0.20433014491572976,0.8307626228779554,0.10038132744375616,0.9021081384271383,0.5040587373077869,0.9987716656178236,0.024995834027639323,1.0,0,0.19303568712818053,0.0005,114.98880389999977
71,0.15583056155197322,0.15353094693258404,0.0114980731845228,0.0238327051115036,0.06400338499768986,0.000688245539815689,0.006490589056750832,0.13277749186820662,0.9474686793982983,0.18591322481150319,0.05483026383444667,0.06406501994515225,0.0007312378365378249,0.011519190227819269,0.9451697361655533,0.002792922965520166,0.019531249563442543,1.0,0.0033588403121496183,0.9966618865728378,0.019531249563442543,0.4419417326593985,1.0,1.0,1.0,0.20363690657541156,0.8306227382272482,0.09945762297138572,0.9029850866645575,0.5024011069908738,0.9987534563988447,0.024995834027639323,1.0,0,0.1892720651236528,0.0005,113.8963389999999
72,0.155366039115265,0.15308352934546768,0.01141254874801496,0.023530560159683227,0.06393490876579425,0.0006861183786505717,0.0064581593269911535,0.138359870463984,0.9431516081094742,0.190696545346461,0.05922559089958668,0.0642177063616233,0.0007380768228301681,0.011846932941727617,0.9407744091004133,0.006169616785023044,0.05859374869032763,1.0,0.008358162855147138,0.9916883297264576,0.039062499126885086,0.624999992105586,1.0,1.0,1.0,0.20311170211061835,0.8306205905973911,0.09984195558354259,0.9026978518813848,0.5075355293229222,0.998769897967577,0.024995834027639323,1.0,0,0.19905470820160814,0.0005,114.41249479999897
73,0.1550158787801489,0.15275008050695063,0.011328991659793538,0.023429040932655333,0.0638197539709392,0.0006843363026386942,0.006452392123784084,0.14288148643869134,0.9446018049493432,0.19482462008301174,0.05773792136460543,0.06695617550257081,0.0007262662742932931,0.012406889723593589,0.9422620786353946,0.004201356740109925,0.039062499126885086,1.0,0.005208923478993425,0.9948160368949175,0.019531249563442543,0.4419417326593985,1.0,1.0,1.0,0.20656667836010456,0.8285180535167456,0.10538632934913039,0.8971063923090696,0.5195783097296953,0.9987366069108248,0.024995834027639323,1.0,0,0.20003354356200517,0.0005,114.50125569999909
74,0.15464595635760575,0.1523899563424662,0.011279999931021594,0.023175338611602782,0.06377111895357956,0.0006803142190424841,0.006417393705876311,0.1372474693741888,0.9452240490354598,0.19140874799019214,0.056837348733097315,0.06573790830527729,0.000715681339471885,0.012096058027773363,0.9431626512669027,0.005494686476164335,0.05859374869032763,1.0,0.006337211964231252,0.9936907943338156,0.039062499126885086,0.624999992105586,1.0,1.0,1.0,0.20684133935719728,0.828419204801321,0.09743693936616182,0.9049738552421331,0.4988147169351578,0.998792527243495,0.024995834027639323,1.0,0,0.1977459599544234,0.0005,114.12402230000043
75,0.15380404349885882,0.15154166785858572,0.011311877985419706,0.022973167328834535,0.06344791615893831,0.0006786662992945639,0.006419206018211116,0.14660592084157675,0.9456068435683846,0.1949281736943877,0.05691546713933349,0.06750124208707779,0.0007253312362493825,0.011750756549690872,0.9430845328606665,0.0018461933342325768,0.019531249563442543,1.0,0.0023934895693979593,0.9976165648549795,0.0,0.0,1.0,1.0,1.0,0.20375662948936224,0.8301830012351274,0.09709013137035072,0.9053625892847776,0.5276929866522551,0.9986922331154346,0.024995834027639323,1.0,0,0.19732166326378567,0.0005,114.65057089999937
76,0.15384239854335785,0.15158997962735593,0.011262094819121994,0.022648582935333252,0.0636358380036347,0.0006774335325040738,0.006407909735371577,0.132806115887211,0.945825373288244,0.18709840465375813,0.057574746664613485,0.0632838894936528,0.0007256753013856363,0.011533248833359046,0.9424252533353865,0.0006844381900011347,0.0,1.0,0.0018356708052020099,0.9981712624430656,0.0,0.0,1.0,1.0,1.0,0.19698523357510567,0.8358476459980011,0.09173733869101852,0.9104981757700443,0.4906926862895489,0.998833704739809,0.024995834027639323,1.0,0,0.18893407545896013,0.0005,114.77904490000037
77,0.1535594267315045,0.15130394613206385,0.011277402989289257,0.02250713227272034,0.06356754125161912,0.0006741373070463305,0.006377270574568538,0.14004806264307873,0.9478306057862937,0.19122678324508147,0.054852713365107775,0.06673327596850204,0.0007270570920293741,0.011339248088710407,0.9451472866348922,0.0010157919283322987,0.0,1.0,0.0014139655544909337,0.9985918942838907,0.0,0.0,1.0,1.0,1.0,0.1981588713824749,0.8351588137447834,0.0949321708176285,0.9074300490319729,0.503608956001699,0.9987520258873701,0.024995834027639323,1.0,0,0.1926407487995724,0.0005,112.10074349999923
78,0.15285307955816388,0.15059533233970404,0.011288736495191697,0.02245667947769165,0.06323975048751454,0.0006703835508023621,0.006368454474218233,0.13047674161633743,0.946332260966301,0.18296662094735552,0.05610167048871517,0.06195859118729037,0.0007172426757121365,0.011504179139710228,0.9438983295112848,0.002283903476410454,0.019531249563442543,1.0,0.00500239663117855,0.9950217716395855,0.039062499126885086,0.624999992105586,1.0,1.0,1.0,0.20038784062489867,0.8331822697073221,0.10049291967879981,0.9018829204142094,0.4876189874485135,0.9988402873277664,0.024995834027639323,1.0,0,0.18796901757853407,0.0005,114.76246199999878
79,0.15326539477288723,0.1510324103961885,0.01116492197542917,0.022304847531318665,0.06353760819849791,0.0006701662500479143,0.006341318889391405,0.1372586207576031,0.9474243721924722,0.18872672529417606,0.055103988852351904,0.06535140826287744,0.0007236177210844015,0.011390234539006328,0.9448960111476481,0.00045234057726774914,0.0,1.0,0.0012994351119968571,0.9987053871154785,0.0,0.0,1.0,1.0,1.0,0.1999939507804811,0.8337245844304562,0.09954950073733926,0.9027802739292383,0.505961362272501,0.9987573251128197,0.024995834027639323,1.0,0,0.1900261604061729,0.0005,114.72588729999916
80,0.15276162972167134,0.15052642180107534,0.011176040267092176,0.02206099431037903,0.06340791087308201,0.000666729542047251,0.006331731205413816,0.13525043978745022,0.945404430385679,0.18673677389937224,0.057286142371594906,0.06326388587052496,0.0007151389448323349,0.01140538246827322,0.9427138576284051,0.0013964461761476433,0.019531249563442543,1.0,0.0029392258208422537,0.9970713928341866,0.019531249563442543,0.4419417326593985,1.0,1.0,1.0,0.20159905683249235,0.832146817818284,0.1042931160191074,0.8980959746986628,0.49914757534861565,0.9988051392138004,0.018330278286935505,1.0,0,0.18967599972021448,0.0005,114.27114909999909
81,0.15243431341305375,0.15019001263804735,0.011221503819148056,0.02198559676170349,0.06328068133737078,0.0006655944473890122,0.006305975112037995,0.1318624804696899,0.9452770818024874,0.18656119747415212,0.056590864434838295,0.06328674793485972,0.00070111175291617,0.013306899517699757,0.9434091355651617,0.002341879383096547,0.0,1.0,0.004155958657640095,0.9958566762506962,0.0,0.0,1.0,1.0,1.0,0.20956462528556585,0.8260930106043816,0.08992752840276808,0.9124859143048525,0.49381235986948013,0.9988223500549793,0.018330278286935505,1.0,0,0.19071715613179221,0.0005,114.4344799999999
82,0.152440609575063,0.15019716282203793,0.011217234027329832,0.021713179116249086,0.06342306291241431,0.0006619436966476496,0.006286654006052559,0.13438621250012697,0.9462413978762925,0.1856937366960576,0.05521881254389882,0.06374882478319327,0.0007235297612262783,0.011619681892558699,0.9447811874561012,0.004348474290327052,0.019531249563442543,1.0,0.0065644499709786586,0.9934564661234617,0.019531249563442543,0.4419417326593985,1.0,1.0,1.0,0.20480378158390522,0.8285934440791607,0.08940649783471599,0.9133880939334631,0.5023333011195064,0.9987744111567736,0.018330278286935505,1.0,0,0.19225818666703626,0.0005,113.59346469999946
83,0.15170090701043606,0.14949014262717217,0.011053822158188559,0.021548087821006773,0.06315376400626148,0.0006605113961907045,0.006273902735641459,0.1282177686273623,0.9470536704175174,0.18555827252144075,0.054869556333869696,0.06376024523742232,0.0006957736791505874,0.012394596204973636,0.9451304436661303,0.000985197125879786,0.0,1.0,0.004557008706689481,0.9954659137874842,0.039062499126885086,0.624999992105586,1.0,1.0,1.0,0.20613676123321056,0.8293611649423838,0.09699305868707597,0.9053804744035006,0.4921173034235835,0.9988380409777164,0.018330278286935505,1.0,0,0.19011528122813023,0.0005,113.69851879999987
84,0.15133670982033015,0.1491254198269546,0.011056449992996641,0.021374166226387024,0.06305905007713009,0.0006594146614579949,0.006268848303782579,0.13827813257687208,0.9449636354111135,0.19259932031963445,0.05755390739068389,0.06597952971351147,0.0007084656828146264,0.012062032321286421,0.9424460926093161,0.0007134350618715814,0.0,1.0,0.0008558153765371498,0.9991475734859705,0.0,0.0,1.0,1.0,1.0,0.20175244892016053,0.8323723897337914,0.10116407985333353,0.9012799467891455,0.5111117269843817,0.9987721350044012,0.018330278286935505,1.0,0,0.1934551356961716,0.00025,114.21243689999937
85,0.1414122701261565,0.13941710094623266,0.00997584589936072,0.01719793881416321,0.06034239910447621,0.0006076646810289822,0.005894389863184187,0.1194050277247076,0.9510764684528112,0.17622921608748904,0.05112557113170624,0.06116964176112534,0.0006516430169768459,0.010796785715269517,0.9488744288682938,2.411926853402925e-05,0.0,1.0,0.0002461415561211944,0.9997558277100325,0.0,0.0,1.0,1.0,1.0,0.19496634742245078,0.8371328115463257,0.08595654461532831,0.916086221113801,0.4810685757547617,0.9988736193627119,0.014997500416583594,1.0,0,0.17647535764361022,0.00025,114.62775020000117
86,0.13962232783902437,0.13766729704711586,0.009775153745976277,0.016275840215682985,0.0599727107723325,0.0005773975977036753,0.005553182030346179,0.122953642203003,0.9498284514993429,0.17864544198136992,0.05122328596189618,0.06221731561185578,0.0006229199274775392,0.011700934265880883,0.9487767140381038,0.0012222121123159088,0.019531249563442543,1.0,0.0022266356637841715,0.997780280187726,0.019531249563442543,0.4419417326593985,1.0,1.0,1.0,0.20210702996701002,0.8316250499337912,0.08153053576825187,0.9206093717366457,0.4844516320154071,0.9988678097724915,0.014997500416583594,1.0,0,0.1808720776451541,0.00025,113.85950680000133
87,0.13930916888924316,0.13734398410867898,0.00982592398364097,0.016084803590774535,0.059915610810460054,0.0005676947060706152,0.005484757566096523,0.12069439372844687,0.9501378173008561,0.1774887570057182,0.05155304353684187,0.061485486547508954,0.0006239836612080491,0.011609367239629655,0.9484469564631581,0.00011030760987539281,0.0,1.0,0.0014538405736944523,0.9985511302947998,0.0,0.0,1.0,1.0,1.0,0.20086481142789125,0.8326155282557011,0.08232929799123667,0.9197766501456499,0.4777630837634206,0.9988957289606333,0.014997500416583594,1.0,0,0.17894259757941267,0.00025,113.79343829999925
88,0.13894578947816044,0.13698899377841503,0.009783978639033157,0.015910424699783324,0.059831341265609954,0.000562461159110535,0.005438561868416727,0.11733515025034195,0.950922591611743,0.17540012264674032,0.05055678403005004,0.06097880963532438,0.0006206825798748011,0.01129460328765058,0.94944321596995,0.00011022517920053495,0.0,1.0,0.0023872209098077433,0.9976305495947599,0.019531249563442543,0.4419417326593985,1.0,1.0,1.0,0.19904755195602775,0.834066579118371,0.07864113606046885,0.9233919959515333,0.47150792833417654,0.998904999345541,0.014997500416583594,1.0,0,0.17778734355654807,0.00025,113.27244969999992
89,0.13874534544404596,0.13676900347612797,0.009881709939634893,0.015851555094718934,0.05975287340321578,0.0005590789089965983,0.0054231749969988596,0.11714241172650447,0.9505021506920457,0.17523699729765907,0.05083624133840203,0.06075128021657027,0.0006144888933088281,0.0113469854395844,0.949163758661598,8.359628000536227e-05,0.0,1.0,0.0007316177548716067,0.9992724452167749,0.0,0.0,1.0,1.0,1.0,0.1973673882894218,0.8356225527822971,0.08734710211865604,0.9147196020931005,0.4766168938949704,0.9989070724695921,0.014997500416583594,1.0,0,0.17596861505253067,0.00025,114.36173749999944
90,0.1386585470272228,0.13670901423096657,0.009747664280729368,0.01566947389125824,0.05981782844272209,0.0005569717724024667,0.005392745001056755,0.12197798712417993,0.9493574039079249,0.17913880421880526,0.0527918329462409,0.06168388858669291,0.0006119747474526047,0.01167198522297954,0.9472081670537591,4.03278759561923e-05,0.0,1.0,0.00014999668873168082,0.9998510908335447,0.0,0.0,1.0,1.0,1.0,0.19675101293250918,0.836655979976058,0.08631376543780789,0.9157461952418089,0.48687001504004,0.9988508932292461,0.014997500416583594,1.0,0,0.17928880090753693,0.00025,114.3193009000006
91,0.13842633383329958,0.1364782229397446,0.009740554612912237,0.01554091863155365,0.05976759798710933,0.0005548420585946587,0.005386495974912687,0.11690867552892475,0.9516940079629421,0.1745766902652625,0.05035143392160535,0.060660564066510984,0.0006156045077556138,0.011370274774655102,0.9496485660783947,0.00023864489994778433,0.0,1.0,0.0005032042918218977,0.999499037861824,0.0,0.0,1.0,1.0,1.0,0.19650440523400903,0.8363933954387903,0.08004551351768896,0.9219300467520952,0.4778401432558894,0.9988973867148161,0.014997500416583594,1.0,0,0.17507989455708442,0.00025,115.11957249999978
92,0.13795890221653506,0.13601632480289788,0.009712887281577568,0.01545442847251892,0.05958218725382583,0.0005530491722450825,0.005368867725544987,0.11744548866819109,0.9506776798516512,0.1754519737391173,0.051068298518657684,0.06074973401519766,0.0006147032779855839,0.011290950203872612,0.9489317014813423,6.986053801530174e-05,0.0,1.0,0.0004785162976593773,0.9995241053402424,0.0,0.0,1.0,1.0,1.0,0.1977625135332346,0.8349486123770475,0.0783164284657687,0.9236698653548956,0.4776174398139119,0.9988933522254229,0.014997500416583594,1.0,0,0.1759304900367767,0.00025,114.4110927999991
93,0.13774575214020907,0.13580790882373228,0.00968921652560588,0.015383851222991943,0.059514347591034605,0.0005522138233293662,0.005360563963095046,0.11539032258957821,0.9505716860294342,0.174816285215343,0.05111311376094818,0.06036462265607402,0.0006072595727065852,0.011652802459094527,0.9488868862390518,0.00012050073431180062,0.0,1.0,0.0003625325681704934,0.9996392466127872,0.0,0.0,1.0,1.0,1.0,0.19671856332570314,0.836559820920229,0.07728373983991332,0.9246545173227787,0.46726502757519484,0.998919790610671,0.014997500416583594,1.0,0,0.1751788177835135,0.00025,112.86330640000051
94,0.13780017965748906,0.1358592009830475,0.009704893332251814,0.015261166172027588,0.05960136127393926,0.000551786670856236,0.005360534339728474,0.11509450107268464,0.9500910695642233,0.1737517078641409,0.05218894639983773,0.05924067417587877,0.0006051350586581885,0.012083594515043712,0.9478110536001623,4.4632294792527874e-05,0.0,1.0,0.0010705592043101077,0.9989330526441336,0.0,0.0,1.0,1.0,1.0,0.20089682517573237,0.8335314076393843,0.08106971671804786,0.9209721367806196,0.46795625891536474,0.9989282991737127,0.014997500416583594,1.0,0,0.174822267068451,0.00025,113.52802610000072
95,0.13740482545930893,0.1354575132976845,0.00973656095990911,0.015184631571769714,0.05944253564979182,0.0005504629135449068,0.005331056898289317,0.12273243992343907,0.9504747143946588,0.18018867716298043,0.0516196577809751,0.06275987426269505,0.0006029902125015119,0.011955886810244263,0.9483803422190249,5.755375214133258e-10,0.0,1.0,0.00010931968690706615,0.9998917765915394,0.0,0.0,1.0,1.0,1.0,0.19924581982195377,0.8344262037426233,0.0837381070596166,0.9182897266000509,0.4839859129860997,0.998874744400382,0.013331111481407639,1.0,0,0.18029799684988748,0.00025,112.90291120000074
96,0.13759988842647522,0.13566196446921677,0.00968961999849882,0.01504821291923523,0.05961224083566165,0.0005487073464415153,0.0053375967087878964,0.11274212934239364,0.9505916084162891,0.17408229333212547,0.051452018320560455,0.059801649777311665,0.0006047289052394276,0.01186601565575502,0.9485479816794395,9.049330927830233e-05,0.0,1.0,0.0006138551220374795,0.9993880540132523,0.0,0.0,1.0,1.0,1.0,0.20070834225043654,0.8332496415823698,0.08028487634146586,0.9217073619365692,0.46679342072457075,0.9989306684583426,0.013331111481407639,1.0,0,0.17469614845416295,0.00025,115.28629189999992
97,0.13721657164582982,0.13526760047616437,0.009744855736009776,0.014950301985740662,0.05946672030637273,0.0005481054659886286,0.005316189925155522,0.11895424171032346,0.9500506371259689,0.17680892495857115,0.05156373791396618,0.06118196167470491,0.0006103230869106034,0.011280929873147338,0.9484362620860338,0.00014468187747955957,0.0,1.0,0.0006447121463316927,0.9993568919599056,0.0,0.0,1.0,1.0,1.0,0.19699690211564302,0.8360738903284073,0.08632465673144907,0.9157268144190311,0.47362840361893177,0.9989037346094847,0.013331111481407639,1.0,0,0.17745363710490283,0.00025,114.53542449999986
98,0.13713278396245093,0.13518612073734404,0.009733316396852024,0.015038172407150269,0.05938332156208926,0.0005472333882568637,0.005306327403637042,0.11999544833282097,0.9498756965622306,0.17711241133406097,0.05249475874006748,0.06078389777458549,0.0006044001298455089,0.011957677255779762,0.9475052412599325,0.00011945232777600638,0.0,1.0,0.000405107644109697,0.9996052198112011,0.0,0.0,1.0,1.0,1.0,0.19910920457914472,0.8346481211483479,0.08315739186946303,0.9188326969742775,0.47047450859099627,0.9989039413630962,0.013331111481407639,1.0,0,0.17751751897817067,0.00025,113.62941820000015
99,0.1368283845152147,0.13489781427711248,0.009652850838801824,0.014917428197860717,0.059301160661142785,0.0005458507826924324,0.005293919011332473,0.11760446901065491,0.9502127878367901,0.17587314405363458,0.05177205428481102,0.06052655762892979,0.0006043045319128216,0.01195017116664392,0.948227945715189,8.537775910595045e-05,0.0,1.0,0.0001053786949399332,0.9998962078243494,0.0,0.0,1.0,1.0,1.0,0.19917892618104815,0.8348763752728701,0.08052276383386925,0.9214423689991236,0.4739611381664872,0.9988983049988747,0.013331111481407639,1.0,0,0.1759785227485745,0.00025,112.15065479999976
100,0.13642135234050454,0.13448601757477968,0.009676673676292411,0.01489406065940857,0.05910642757517635,0.0005448199437648873,0.005298478921203641,0.12015215995939525,0.9496832028962672,0.17830918329827303,0.051510978024452925,0.061851656572422024,0.00060074586989479,0.012139266673499268,0.9484890219755471,9.000916492878458e-05,0.0,1.0,0.0003672153397791279,0.9996350482106209,0.0,0.0,1.0,1.0,1.0,0.2008760729804635,0.8331730328500271,0.07819654355989769,0.9238176941871643,0.47980926278978586,0.9988841079175472,0.013331111481407639,1.0,0,0.17867639863805215,0.00025,114.56000550000135
101,0.1367575544315949,0.13481663320673629,0.009704606182170101,0.014780747394561767,0.05932901325861924,0.0005450805616787693,0.005293404801762736,0.11751968342089,0.950245744548738,0.1756264325652908,0.05211746413260698,0.06028398545567225,0.0006036730202774466,0.011522520541970501,0.947882535867393,5.099471907122109e-05,0.0,1.0,0.00034495828591921287,0.9996568374335766,0.0,0.0,1.0,1.0,1.0,0.1993102920241654,0.8343107216060162,0.07842147850897163,0.9234940204769373,0.4812215715646744,0.9989170841872692,0.013331111481407639,1.0,0,0.17597139085121002,0.00025,114.47795369999949
102,0.13657656564261764,0.13465051319610327,0.00963026228478877,0.014679216160774231,0.059297374232289146,0.000543258844804077,0.005288890266899107,0.11346731065925215,0.9503209977410734,0.1731579443575057,0.05148073751479387,0.05929916354380634,0.0005989763992430026,0.012075930488760572,0.9485192624852061,0.00011223005138188884,0.0,1.0,0.0003596918581024992,0.9996423311531544,0.0,0.0,1.0,1.0,1.0,0.20208301534876227,0.8323136102408171,0.08201559394365177,0.9199384804815054,0.46687436755746603,0.9989349078387022,0.013331111481407639,1.0,0,0.1735176362156082,0.00025,114.17968560000008
103,0.1359747178893909,0.13404596280712636,0.00964377588412608,0.014673636469841003,0.059000393909025006,0.0005419988434214611,0.005269354657905642,0.11666949888872792,0.9498430658131838,0.17688240806028094,0.05172944813966751,0.06106053684583751,0.0005968752703578503,0.011888793511224176,0.9482705518603325,0.0005894365806744247,0.0,1.0,0.0033622433774216894,0.9967805277556181,0.0,0.0,1.0,1.0,1.0,0.20266076736152172,0.8311902079731226,0.08132410555845127,0.9207547251135111,0.47862608823925257,0.9989036619663239,0.013331111481407639,1.0,0,0.18024465143770263,0.00025,113.79282950000015
104,0.1365401365929842,0.13462687845705076,0.009566290809609928,0.014569794607162475,0.05934276804668829,0.0005415907518647146,0.0052695545646541,0.11656981845892389,0.9513107095845044,0.17632531098156973,0.05115950899198651,0.06110732263620111,0.0006018360764967193,0.01156389267128935,0.9488404910080135,1.2841790151394617e-05,0.0,1.0,0.00022815877854290894,0.9997732881456614,0.0,0.0,1.0,1.0,1.0,0.20134990056976676,0.8321734461933374,0.0805098784621805,0.9214446935802698,0.47699940484017134,0.9989094696938992,0.013331111481407639,1.0,0,0.17655346976011263,0.00025,113.17595470000015
105,0.13630839667504654,0.13438380324658006,0.00962296732604038,0.014509723615646362,0.05925063760443474,0.0005403041998561821,0.005275096257946716,0.11602347924133324,0.9508589617908001,0.17330222661578348,0.05046297563239932,0.05992139748822177,0.0005988282481056112,0.011746297080387871,0.9495370243676007,2.8119691901317188e-05,0.0,1.0,0.002312865974793004,0.9977032784372568,0.019531249563442543,0.4419417326593985,1.0,1.0,1.0,0.19906130945309997,0.8342880383133888,0.07699811062775552,0.9249289259314537,0.46869148313999176,0.9989343117922544,0.013331111481407639,1.0,0,0.17561509259057648,0.00025,114.20469769999909
106,0.13655889721132816,0.13462802900400012,0.009654341166702798,0.0145695530462265,0.059344640388840346,0.0005398669191589579,0.005260833933556933,0.11767827407099682,0.9508639886043966,0.17584352633832645,0.05105014983564615,0.06092741611894227,0.0006043035952365202,0.011512456022081213,0.9489498501643538,4.518814580747398e-05,0.0,1.0,0.00029771829353598294,0.999704122543335,0.0,0.0,1.0,1.0,1.0,0.19817394251003861,0.8347956463694572,0.08023014402715489,0.9217400848865509,0.47491129860281944,0.9989083278924227,0.013331111481407639,1.0,0,0.17614124463186243,0.00025,113.1069404000009
107,0.1358962098239176,0.1339891579281725,0.009535259332368151,0.014478603196144104,0.059071032019661504,0.0005397533284375095,0.005258061423168692,0.12102823502661883,0.9502062234096229,0.17707625813207165,0.05156046384945512,0.06122205390021952,0.0005945208816532193,0.012048935007063739,0.9484395361505449,0.0003873876517587262,0.0,1.0,0.0023403951765945275,0.9976751804351807,0.019531249563442543,0.4419417326593985,1.0,1.0,1.0,0.2005760045722127,0.8334529977291822,0.07774255383992568,0.9241704978048801,0.47832212690263987,0.9988913368433714,0.013331111481407639,1.0,0,0.17941665330866619,0.00025,112.93618090000018
108,0.13603399827023036,0.1340948270105198,0.009695855917795562,0.01441744737148285,0.059154982786286274,0.0005386455987249792,0.0052541979591447675,0.11562046222496115,0.9498417945578694,0.1734661588370246,0.05131456907838583,0.05958494243554423,0.0005980736605396827,0.011687587631475819,0.9486854309216142,0.00010912752247751386,0.0,1.0,0.000904922263253423,0.9990983512252569,0.0,0.0,1.0,1.0,1.0,0.2016345509327948,0.8319926373660564,0.08199474326102063,0.9200549945235252,0.46987101901322603,0.9989289455115795,0.013331111481407639,1.0,0,0.17437108110027802,0.000125,113.38946719999876
109,0.1316246595640853,0.12980016393311322,0.00912247811721405,0.012972178254127503,0.057752443406211676,0.0005164956407764112,0.005085797551534342,0.1087815744540373,0.9511337401345372,0.17244021732815024,0.050961664877831936,0.059308787146151565,0.0005746652515521051,0.01121404497609483,0.9490383351221681,3.487030533207228e-07,0.0,1.0,0.002133969969066067,0.9978816751390696,0.019531249563442543,0.4419417326593985,1.0,1.0,1.0,0.19595361221581697,0.8366018477827311,0.07633775536669418,0.9254859033972025,0.46186590008437634,0.9989599343389273,0.013331111481407639,1.0,0,0.1745741872972163,0.000125,113.59255859999939
110,0.13079181151321156,0.1289665115038492,0.009126500312882709,0.012628874535560608,0.057528114907686834,0.0005027816492482089,0.004924516355393789,0.10921914542806022,0.9519127295352519,0.17235223281074546,0.05014293361455202,0.05962113548618518,0.0005598835485961364,0.011644163433235988,0.949857066385448,1.5146131534229409e-10,0.0,1.0,0.0009197150502045073,0.9990838691592216,0.019531249563442543,0.4419417326593985,1.0,1.0,1.0,0.1981159378774464,0.8352906703948975,0.07288383564446121,0.9289289303123951,0.4583299132063985,0.998957522213459,0.013331111481407639,1.0,0,0.17327194786094996,0.000125,113.45743870000115
111,0.13081044657636434,0.12899827687874435,0.009060848453594372,0.012519121069908143,0.057606858409856215,0.0004985746935658972,0.0048623259458289245,0.10884980005228492,0.9514533313922584,0.17140601453446414,0.05018490133807063,0.05915374864618402,0.000561360453181294,0.011429915390423137,0.9498150986619294,1.3499099645591236e-06,0.0,1.0,0.0022136534529058572,0.9978025015443563,0.019531249563442543,0.4419417326593985,1.0,1.0,1.0,0.19805000349879265,0.8349804952740669,0.07472257822519168,0.9271339401602745,0.4597985567525029,0.998958146199584,0.013331111481407639,1.0,0,0.17361966798737,0.000125,114.3384117000005
112,0.13050672021294013,0.1286950995988585,0.009058102818536572,0.012438094062805176,0.05749929456124897,0.000495413104633335,0.0048355000538384775,0.11009904258527103,0.951515652704984,0.17154164011429512,0.050123345106840134,0.059192841504087206,0.0005544523136306815,0.011908667089708594,0.9498766548931599,1.464448237519515e-05,0.0,1.0,0.0007858805732688844,0.9992164671421051,0.0,0.0,1.0,1.0,1.0,0.19835775066167116,0.8352687824517488,0.07451257953653112,0.927324028685689,0.4596140393987298,0.9989590402692556,0.013331111481407639,1.0,0,0.17232752068756402,0.000125,114.31851989999996
113,0.13039101815127768,0.1285756217326317,0.00907698185031535,0.012406436204910278,0.05745714256146166,0.0004937662404016009,0.00482209509260545,0.10872667729265828,0.9513941635377705,0.17198768871960807,0.05071088578552008,0.0591639450664255,0.0005546476235694851,0.011573792463812405,0.9492891142144799,9.619057510727757e-09,0.0,1.0,0.0013680235728380321,0.9986415803432465,0.019531249563442543,0.4419417326593985,1.0,1.0,1.0,0.1972558475099504,0.836011266335845,0.07640825508860871,0.9253982976078987,0.46338729560375214,0.9989519380033016,0.013331111481407639,1.0,0,0.1733557122924461,0.000125,114.67126009999993
114,0.13003488965997473,0.1282277766576223,0.009035564668928273,0.012364546484947204,0.0573051920257858,0.0004920517023597494,0.004814563748095024,0.10801956730854034,0.9512272686697543,0.17129295940555667,0.05023130541667342,0.05907703121300753,0.0005583143118250723,0.011407041116155463,0.9497686945833266,5.664560730793904e-06,0.0,1.0,0.0007311944468484192,0.9992712270468473,0.0,0.0,1.0,1.0,1.0,0.19689120166003704,0.8360688164830208,0.07283544196980074,0.9290009438991547,0.4631132148206234,0.9989561084657907,0.013331111481407639,1.0,0,0.17202415385240508,0.000125,114.12356890000046
115,0.13004545472033321,0.12824480875339359,0.009003229812770151,0.012282238526344299,0.057356551691769855,0.000491243830343592,0.0048013699479954085,0.10624603673743384,0.9517901306971908,0.16945114667401784,0.050181403290480375,0.058145967321048576,0.0005526176451546838,0.011690186894877011,0.9498185967095196,5.863700788686154e-06,0.0,1.0,0.0009162494187924749,0.9990884680300951,0.019531249563442543,0.4419417326593985,1.0,1.0,1.0,0.19891499588266015,0.8346814084798098,0.0742242462001741,0.9276064932346344,0.4548518033698201,0.9989713188260794,0.013331111481407639,1.0,0,0.17036739609281032,0.000125,113.91226129999995
116,0.12995714861737565,0.1281570471855998,0.009000507257557473,0.012233339257240296,0.057336002483215416,0.0004899663778029208,0.004810825365620985,0.10870093834829084,0.951713599730283,0.17099821255256903,0.050102753564715385,0.058962622240228996,0.0005538835482907832,0.011659310041118632,0.9498972464352846,5.767817096319492e-06,0.0,1.0,0.00013974301039044613,0.9998609777539968,0.0,0.0,1.0,1.0,1.0,0.1984889730811119,0.8348279744386673,0.07646786456461996,0.9253969565033913,0.46164493076503277,0.9989550989121199,0.013331111481407639,1.0,0,0.17113795556295947,0.000125,114.03885029999947
117,0.12968727361213417,0.12788117454217746,0.009030495352882426,0.012265236902236938,0.05718512930681813,0.0004894394444613135,0.004786940827473955,0.10967442461737109,0.9522282318212092,0.17058889300691832,0.04950640257447958,0.0590544962327843,0.0005539189699509444,0.01167242709768994,0.9504935974255204,2.2549027487500395e-05,0.0,1.0,0.0020888644771117327,0.9979262799024582,0.019531249563442543,0.4419417326593985,1.0,1.0,1.0,0.19890447286888957,0.8345709089189768,0.07660321251023561,0.9252341687679291,0.46290647704154253,0.9989518746733665,0.013331111481407639,1.0,0,0.17267775748403005,0.000125,113.02860359999977
118,0.12993878006701357,0.1281319968244806,0.009033916181863751,0.012190585012435914,0.05734791042253142,0.0004894213013182161,0.0047865954375785075,0.11300192181835605,0.9513786104507744,0.1729386448762187,0.05066421441733837,0.05969122843678046,0.0005565907531836086,0.011345258503881827,0.9493357855826616,9.739291536142339e-09,0.0,1.0,0.00012394052889823612,0.9998768344521523,0.0,0.0,1.0,1.0,1.0,0.1973365289159119,0.8353698961436749,0.07195379812037572,0.9298115856945515,0.4673911277204752,0.998946176841855,0.013331111481407639,1.0,0,0.17306258540511696,0.000125,114.1106994999991
119,0.12975216703169049,0.12793968189664184,0.009062425824088277,0.012185031719207763,0.05725532509630546,0.00048800924681621837,0.004780796314401595,0.10711619441205175,0.9519730070605874,0.16926591290469636,0.04961426882073283,0.05836233578422011,0.0005527762424576018,0.011486775940449473,0.9503857311792672,3.486614935683671e-07,0.0,1.0,0.0021797812986659388,0.9978357497602701,0.019531249563442543,0.4419417326593985,1.0,1.0,1.0,0.19806284410879016,0.8352165669202805,0.07532510528108105,0.926499729976058,0.46062202099710703,0.998966708779335,0.013331111481407639,1.0,0,0.1714456942033623,0.000125,114.15126409999903
120,0.1297360007177666,0.12794362209845334,0.008961893367716111,0.012138493356704711,0.057280608937398066,0.0004881689494510647,0.004780375476676272,0.10652090051104343,0.9516135700978339,0.17068550708613028,0.05020432313904166,0.05876387653997906,0.0005505556039070337,0.011593501008884679,0.9497956768609583,5.443829382519801e-09,0.0,1.0,0.00011060480851143281,0.9998900685459375,0.0,0.0,1.0,1.0,1.0,0.1982714426703751,0.8349198698997498,0.07584467501146719,0.925952298566699,0.4597275936976075,0.9989726021885872,0.013331111481407639,1.0,0,0.17079611189464172,0.000125,114.18669399999999
121,0.12935674591243268,0.12754843897895887,0.009041534593638498,0.012143334159851074,0.057081166688007653,0.00048775005383809914,0.004775985652362979,0.10694782278761714,0.9516891734674573,0.17191773121336873,0.05028601875528693,0.05928843698065178,0.0005461006613252987,0.012000918522732053,0.9497139812447131,1.3768744474276171e-11,0.0,1.0,0.002161845245239861,0.9979776181280613,0.019531249563442543,0.4419417326593985,1.0,1.0,1.0,0.2003028648905456,0.8336953781545162,0.07304934062995017,0.92872753739357,0.46373354457318783,0.9989710841327906,0.013331111481407639,1.0,0,0.17407957645860858,6.25e-05,113.223821399999
122,0.12821248500879853,0.12643722833283247,0.008876283306707628,0.011578908262252807,0.056818224432696005,0.00047873222426438587,0.0046959918678372925,0.1061953390890803,0.9517890000715852,0.16958615840399127,0.04985897662118077,0.058395945761263,0.0005378878291418521,0.011526010117365166,0.9501410233788192,1.1825426830660616e-06,0.0,1.0,0.00014879713192998,0.9998520147055387,0.0,0.0,1.0,1.0,1.0,0.19867771910503507,0.8345460444688797,0.07268839958123863,0.9291012864559889,0.4609097484499216,0.998968493193388,0.013331111481407639,1.0,0,0.16973495553592124,6.25e-05,113.98277400000006
123,0.12726326760319992,0.12550858610518276,0.008773407656461932,0.011413892374038696,0.056446058405475924,0.00047209204889339163,0.004621471192755562,0.10457865702067592,0.9520208491012454,0.16825214350829548,0.049776108004152775,0.057755415295271575,0.0005326056535746842,0.011647773924975352,0.9502238919958472,1.4120461918446773e-06,0.0,1.0,0.0001416112199712531,0.9998729005455971,0.0,0.0,1.0,1.0,1.0,0.197881821077317,0.8354005515575409,0.07246192556340247,0.9293018374592066,0.4582816241309047,0.9989810269325972,0.013331111481407639,1.0,0,0.16839375472826673,6.25e-05,114.05499029999919
124,0.1272886228000559,0.12552903544276953,0.008797936852313578,0.0114047967004776,0.05646350271162344,0.0004692392020490661,0.004601237859684152,0.10448503004591533,0.9518252480775118,0.16909265925089184,0.04988201009109616,0.05813507781009429,0.0005316125817170034,0.011549326062565424,0.9501179899089038,3.5942511582101795e-06,0.0,1.0,0.00015202108198873233,0.9998488407582045,0.0,0.0,1.0,1.0,1.0,0.19784228736534715,0.8353654947131872,0.07323122804518789,0.9285736884921789,0.4595298692584038,0.9989782180637121,0.013331111481407639,1.0,0,0.16924468033288056,6.25e-05,113.65522959999907
125,0.12699064365122467,0.12523880581149832,0.008759189034951851,0.011344347972869873,0.05635082943125686,0.00046804603946875434,0.004583977508411844,0.10278502528591826,0.9522607061080635,0.16849589142728966,0.04952547652646899,0.05800997828693344,0.0005310761244826624,0.011589405358209067,0.950474523473531,7.97776508997545e-06,0.0,1.0,0.00015458941671733472,0.9998463988304138,0.0,0.0,1.0,1.0,1.0,0.19777602748945355,0.8353584110736847,0.07242031255736947,0.9293491765856743,0.4546965155750513,0.9989831876009703,0.013331111481407639,1.0,0,0.168650480844007,6.25e-05,113.61381939999956
126,0.1271454252655618,0.12538666595192627,0.0087937963309302,0.011312202787399292,0.05644006232969929,0.00046655951979686507,0.004590730070304853,0.10398309984452213,0.9519115933217108,0.16931812133390303,0.04997110553085804,0.05820497590494502,0.0005322226174950512,0.011535366859989134,0.950028894469142,5.623141941345777e-06,0.0,1.0,0.0021838891771164474,0.997832003980875,0.019531249563442543,0.4419417326593985,1.0,1.0,1.0,0.19855917058885098,0.8345219641923904,0.07409990241285414,0.927738331258297,0.45479900017380714,0.9989889338612556,0.013331111481407639,1.0,0,0.1715020105110195,6.25e-05,113.59980019999966
127,0.12724252147812395,0.12547906486133115,0.008817282856770326,0.011310883827209472,0.05648922276972793,0.00046569404178881086,0.004572664448558535,0.10337796539753066,0.9521733936853707,0.1683727514769561,0.04958345368504524,0.057929699583013194,0.0005294801365321144,0.011507806045708668,0.9504165463149548,3.098581584918864e-12,0.0,1.0,0.00011402939016132651,0.9998867381364107,0.0,0.0,1.0,1.0,1.0,0.1970966854132712,0.8359726592898369,0.07396995957242325,0.9278067611157894,0.4585356181487441,0.9989814255386591,0.013331111481407639,1.0,0,0.16848678086711744,6.25e-05,113.2189698000002
128,0.12680474032707512,0.12504411270603538,0.00880313785035396,0.011313168206214905,0.056270363709914964,0.0004650721839601465,0.004574839393890434,0.10346498385542714,0.9522926774807274,0.1694457601615987,0.049675179179757833,0.058399770553554345,0.0005275950852329369,0.011673118753218865,0.9503248208202422,1.2458664131665756e-14,0.0,1.0,0.0019900206017314875,0.9980245679616928,0.019531249563442543,0.4419417326593985,1.0,1.0,1.0,0.19817338464781642,0.8351887930184603,0.07424416003050283,0.9275201968848705,0.4561795564368367,0.9989866074174643,0.013331111481407639,1.0,0,0.1714357807633302,6.25e-05,113.9869043000017
129,0.1269251154693775,0.12515783044906334,0.008836425237292424,0.011279926471710205,0.0563447331570409,0.0004644769373783493,0.004567959751748895,0.10583123757903551,0.9519749982282519,0.17054786077669298,0.04989673988893628,0.05884210235613805,0.0005290600819960582,0.011656047304865271,0.9501032601110637,4.1631733487612775e-11,0.0,1.0,0.00020968505183443408,0.9997916519641876,0.0,0.0,1.0,1.0,1.0,0.1980168749578297,0.8352908380329609,0.0753822370315902,0.9264472704380751,0.4623633688315749,0.9989728163927794,0.013331111481407639,1.0,0,0.17075754582852742,3.125e-05,114.41049999999996
130,0.12612528259713202,0.12437595745146275,0.00874662535339361,0.011057884726524353,0.056068875372249166,0.0004608345099206781,0.0045369539164063465,0.10150525467968669,0.9518466535955667,0.16797940457614602,0.049679677467793226,0.057675850230996015,0.0005236031689984117,0.011582664364917073,0.9503203225322068,1.928493925602009e-11,0.0,1.0,0.001878083964148253,0.9981356281787157,0.019531249563442543,0.4419417326593985,1.0,1.0,1.0,0.1982497596181929,0.8349603805691004,0.07529075583443046,0.9265137612819672,0.45164758153259754,0.9990007374435663,0.013331111481407639,1.0,0,0.16985748854029428,3.125e-05,113.95269039999948
131,0.12569097323462367,0.12395187227066606,0.008695504671949893,0.010960108160972596,0.055909682401937895,0.0004577219595400675,0.004506508457309719,0.10193722091562911,0.9521863739937544,0.16755621050206068,0.049521395936608315,0.05754432156442668,0.0005210383056271886,0.011576273123745628,0.9504786040633917,1.2451663641764803e-11,0.0,1.0,0.002106765518751382,0.9979085326194763,0.019531249563442543,0.4419417326593985,1.0,1.0,1.0,0.19796676561236382,0.8352289274334908,0.07378298556432128,0.9279922638088465,0.4534321306273341,0.9989875163882971,0.013331111481407639,1.0,0,0.16966297602081207,3.125e-05,113.98085879999962
132,0.12582018469705247,0.12408648482586257,0.008668499114023289,0.010921553559303283,0.05599857192114083,0.0004564352174648957,0.004488575589618085,0.10245252571307273,0.9522084649652243,0.16781766054313452,0.04945835005491972,0.057728425041537225,0.0005215168256985044,0.01140123818952037,0.9505416499450803,1.4939790297963783e-14,0.0,1.0,0.00014936704465031876,0.9998517353087664,0.0,0.0,1.0,1.0,1.0,0.19760533096268773,0.8353673871606588,0.07415067474357784,0.9276263192296028,0.4541519144549966,0.9989967010915279,0.013331111481407639,1.0,0,0.16796702758778484,3.125e-05,113.52807810000013
133,0.1259209422276169,0.12418439583607017,0.008682731932152528,0.010927425360679626,0.056044851158338134,0.00045583578843274154,0.0044867385010726865,0.10196847763291424,0.9522508741356432,0.16732746345125984,0.04957580752670765,0.05741295476171094,0.0005199920170494518,0.01149499383366911,0.9504241924732924,4.773658427245017e-14,0.0,1.0,0.00011568067822118881,0.9998852610588074,0.0,0.0,1.0,1.0,1.0,0.1977905104868114,0.8353464230895042,0.07356508827069774,0.9281970597803593,0.45168053172528744,0.9989918302744627,0.013331111481407639,1.0,0,0.16744314412948103,3.125e-05,114.0483553999984
134,0.12580813153802883,0.12406071902885102,0.008737062313642819,0.010943706269264221,0.055975050474990275,0.0004552283820901357,0.004485555831449565,0.10210845170513613,0.9521840368397534,0.16788704578167896,0.049718395341187716,0.0576101324216247,0.0005183994941205377,0.011586184525905503,0.9502816046588123,1.2129058919102906e-11,0.0,1.0,0.002086958891609326,0.997928598895669,0.019531249563442543,0.4419417326593985,1.0,1.0,1.0,0.19767644396051764,0.8355386015027761,0.07452735537663102,0.9272523820400238,0.452016226015985,0.9989973790943623,0.013331111481407639,1.0,0,0.16997400467328827,3.125e-05,114.24185209999996
135,0.1259115752812475,0.12417095205008984,0.00870311614625156,0.01091330216884613,0.056045815381340215,0.00045465553584115697,0.004482214724905789,0.10321066830511144,0.9519311035983264,0.16843886682759626,0.049587426241487265,0.057959862388038026,0.0005189490989412249,0.01151928814017778,0.9504125737585127,2.189935849962052e-15,0.0,1.0,0.0022897610157314764,0.9978505969047546,0.019531249563442543,0.4419417326593985,1.0,1.0,1.0,0.19765763264149427,0.835454324260354,0.07380193891003728,0.9279961809515953,0.4535952424630523,0.9989899341017008,0.013331111481407639,1.0,0,0.17072862784332773,3.125e-05,114.73254760000054
136,0.12586813034297897,0.12412163958039135,0.008732453803115058,0.010907234749794006,0.05602446795915254,0.0004544748925839667,0.004480085672676214,0.10140189246158392,0.9517549257725477,0.1681205934614129,0.04994511976838112,0.05761525964065457,0.000519468999505337,0.011572031480572781,0.9500548802316189,1.1379177318643724e-11,0.0,1.0,0.0022379734324674966,0.997901976108551,0.019531249563442543,0.4419417326593985,1.0,1.0,1.0,0.19809282943606377,0.8350435812026262,0.0749177152174525,0.9268883150070906,0.4518480869010091,0.9990004952996969,0.013331111481407639,1.0,0,0.1703585668938804,3.125e-05,114.32700500000101
137,0.12564755398187785,0.12391006749027875,0.008687432241737843,0.010878381352424622,0.05593299925451662,0.00045376138778417956,0.004481246164720578,0.10285269096588748,0.951930015347898,0.1687756541281623,0.04989888705313206,0.05796765435420839,0.0005182906051379414,0.011558516748381036,0.9501011129468679,1.0458561216041989e-11,0.0,1.0,0.002085874902001474,0.9979288876056671,0.019531249563442543,0.4419417326593985,1.0,1.0,1.0,0.19786329893395305,0.8353680893778801,0.07306886254809797,0.9287067633122206,0.45097307302057743,0.998993506655097,0.013331111481407639,1.0,0,0.17086152903016377,3.125e-05,113.46603030000006
138,0.1255815714599006,0.12383760024989024,0.008719856021474116,0.010881236486434936,0.05589546948833333,0.0004536137347623298,0.004480253313278808,0.10141608044796746,0.9521145825274289,0.16778139263258174,0.04963392624631524,0.057598718008542396,0.0005174647402712877,0.011593134758756512,0.9503660737536848,6.552147975430996e-10,0.0,1.0,0.00015482102750420798,0.9998597297817469,0.0,0.0,1.0,1.0,1.0,0.19849186344072223,0.83476871997118,0.07309025136055425,0.9286653995513916,0.4527731342241168,0.9989996999502182,0.013331111481407639,1.0,0,0.16793621366008596,3.125e-05,113.07128270000067
139,0.1256399219871685,0.12390868618955836,0.008656178968789754,0.010839153814315796,0.05595240873180621,0.00045310933461849344,0.0044776157832559695,0.10195242883157235,0.9518868466839194,0.16764890987618622,0.049782722257077694,0.057455265060270246,0.0005165584535515268,0.011616003934958949,0.9502172777429223,8.173920485495713e-11,0.0,1.0,0.0016579293647977006,0.9983573909848928,0.019531249563442543,0.4419417326593985,1.0,1.0,1.0,0.198686592746526,0.834613386541605,0.07359079032903537,0.9282277692109346,0.4522641897201538,0.9989974964410067,0.013331111481407639,1.0,0,0.16930683924098391,1.5625e-05,113.64737029999924
140,0.12522864009529353,0.12349539655415341,0.008666217972326558,0.010742772088050842,0.05579714096274926,0.00045160507396270987,0.004452728222947335,0.10125024421191928,0.9521486009471118,0.16700415783178577,0.049473941791802645,0.057297885302913736,0.0005149731665757237,0.011531798415469342,0.9505260582081974,8.241642550702565e-15,0.0,1.0,0.00014705710762670139,0.9998540002852678,0.0,0.0,1.0,1.0,1.0,0.19790588226169348,0.8352110404521227,0.07324874092591926,0.9285187013447285,0.4516594661399722,0.9989974275231361,0.013331111481407639,1.0,0,0.16715121493941246,1.5625e-05,114.40985179999916
141,0.12519974839543924,0.1234732412633486,0.008632535778329474,0.010731800570487976,0.055792642140056706,0.00045038396647199987,0.0044444721457376725,0.1002513033239088,0.9522651210427284,0.1673087697329244,0.049491620156913996,0.05744054369142334,0.00051349809341122,0.011538846828675892,0.950508379843086,1.8351957320442307e-13,0.0,1.0,0.00011345203617208383,0.999887628480792,0.0,0.0,1.0,1.0,1.0,0.19804833130910993,0.8350998014211655,0.07362851896323264,0.9281312935054302,0.4520084345713258,0.9989975485950708,0.013331111481407639,1.0,0,0.1674222217690965,1.5625e-05,114.99770809999973
142,0.12508142898337915,0.12335646773708053,0.00862480610396713,0.010712628178596497,0.05574358098138647,0.0004498386121311341,0.004446774679572846,0.1005115859593584,0.9522405588068068,0.1678210166071482,0.04946876876056194,0.0577056041653837,0.0005135729724284619,0.011558725243755414,0.9505312312394381,6.942150942444073e-13,0.0,1.0,0.00015375909113265698,0.9998510684818029,0.0,0.0,1.0,1.0,1.0,0.19838416809216142,0.8348751161247492,0.07295649748994038,0.9288065508008003,0.453021764755249,0.9989980608224869,0.013331111481407639,1.0,0,0.16797477569828087,1.5625e-05,113.35945059999904
143,0.12534134401788935,0.12360640004994347,0.008674719831277617,0.010715390911102294,0.0558676866230485,0.0004490629156646901,0.004442918400046547,0.10057261591285319,0.9520839438773692,0.1674181466280512,0.04968557134270668,0.05739403352098697,0.0005128288644984522,0.01157290482664852,0.9503144286572933,7.8539921765939e-15,0.0,1.0,0.0020102457089372417,0.9980046022683382,0.019531249563442543,0.4419417326593985,1.0,1.0,1.0,0.1982338228262961,0.8349572941660881,0.07321698556188494,0.9285467304289341,0.45058360509574413,0.9990056958049536,0.013331111481407639,1.0,0,0.16942839233698845,1.5625e-05,113.15005440000095
144,0.12513682552656158,0.12340272570539265,0.008670498864518013,0.010718357701301575,0.055765451475505254,0.0004489035447619972,0.004434298822864657,0.10014600514841987,0.9521431275643408,0.1679293735557988,0.04969819961115718,0.057639631932517185,0.0005123919070267708,0.011602685680032481,0.9503018003888428,1.1515198526316974e-15,0.0,1.0,0.0001377569505884323,0.9998632594943047,0.0,0.0,1.0,1.0,1.0,0.19834197079762816,0.8349421881139278,0.07328361470717937,0.9284651484340429,0.4489743681624532,0.9990035146474838,0.013331111481407639,1.0,0,0.16806713050638722,1.5625e-05,114.05368129999988
145,0.12501568811414762,0.12328809461716563,0.008637967317363946,0.0106905868434906,0.05572122658170468,0.00044854554186706083,0.004440800256999646,0.10100446457363482,0.9521448141895235,0.1676951585860032,0.04972507804632187,0.057514593675106335,0.0005128608303822607,0.011558424431245724,0.9502749219536781,4.2260517691240183e-16,0.0,1.0,0.002091734583842824,0.997923431918025,0.019531249563442543,0.4419417326593985,1.0,1.0,1.0,0.19812316307798028,0.8350790664553642,0.07307126198429614,0.928691079840064,0.4506108080968261,0.9990020375698805,0.013331111481407639,1.0,0,0.16978689316984602,1.5625e-05,114.40809720000107
146,0.12496944942690431,0.12323994616748765,0.008647516092027073,0.010681760950088501,0.055702429525659534,0.0004483260593751038,0.004433973704816817,0.10052808393811778,0.9524377291090786,0.16751142699574245,0.04953493969514966,0.057515217827445064,0.0005110957658049646,0.011579770916304539,0.9504650603048503,3.300311792826864e-15,0.0,1.0,0.00013470868549747507,0.9998661298304796,0.0,0.0,1.0,1.0,1.0,0.19802272645756602,0.8352077808231115,0.07370941515546292,0.9280570913106203,0.45189197175204754,0.9990003015846014,0.013331111481407639,1.0,0,0.16764613568123993,7.8125e-06,114.80736019999677
147,0.12465941742342897,0.12294102821450681,0.008591945987844374,0.010620690321922302,0.055583745542799004,0.00044725361465883907,0.004432485642211468,0.09995406593225509,0.9523414499126375,0.16749712512991893,0.0495200315490365,0.05751729538362508,0.0005110049167149883,0.011565607404948117,0.9504799684509635,2.34078741395405e-16,0.0,1.0,0.0001356862220996924,0.9998651128262281,0.0,0.0,1.0,1.0,1.0,0.1981205721385777,0.8350553791970015,0.07329978630878031,0.9284691289067268,0.4492755690589547,0.9990028832107782,0.013331111481407639,1.0,0,0.16763281135201863,7.8125e-06,114.54836250000153
148,0.1251439068205189,0.1234131113492977,0.008653977158116177,0.010636125984191894,0.05581240231817239,0.0004469756039502681,0.004429932317613748,0.10025670574030428,0.9522738941013813,0.16725080754217195,0.04952339921146631,0.057391164797134686,0.0005102717109862605,0.011576202135416254,0.9504766007885337,3.6983869500360386e-16,0.0,1.0,0.00208466550919268,0.9979306403547525,0.019531249563442543,0.4419417326593985,1.0,1.0,1.0,0.1980607733130455,0.8351120594888926,0.07270124461501837,0.9290637262165546,0.45162170473486185,0.9990010168403387,0.013331111481407639,1.0,0,0.16933547305136462,7.8125e-06,113.50697960000252
149,0.12472451526394114,0.12300308975982946,0.008607127534118481,0.010615097951889038,0.055618855931555154,0.00044672005586326123,0.004422431405579118,0.10029354756989733,0.9521323149092495,0.16725759980879534,0.0496335974894464,0.05734017252480167,0.0005100857007977726,0.011570594157751406,0.9503664025105536,1.8246686633477054e-17,0.0,1.0,0.00012030744530934136,0.999880488961935,0.0,0.0,1.0,1.0,1.0,0.19807583140209317,0.8351146727800369,0.07309345027897507,0.9286734852939844,0.4493449190631509,0.9990057870745659,0.013331111481407639,1.0,0,0.16737790725410467,7.8125e-06,113.59166729999924
150,0.12480740437306463,0.12307940826086328,0.00863998063785024,0.010593260498046875,0.05566855396647821,0.0004461616620360292,0.004417694696563121,0.10054750322889196,0.9522526646032929,0.16761759101640566,0.04958768980577588,0.057546037596714415,0.000509652018966101,0.011547441222727807,0.9504123101942241,4.567578122530197e-17,0.0,1.0,0.00011838096231078824,0.999882347881794,0.0,0.0,1.0,1.0,1.0,0.1981422915123403,0.8350449278950691,0.07324740174226463,0.9285153895616531,0.45067030377686024,0.998999210074544,0.013331111481407639,1.0,0,0.16773597197871645,7.8125e-06,114.3159013000004
151,0.12491380192551761,0.12318654264813289,0.008636296424735337,0.010614983158111572,0.05571081644679769,0.00044619417094800154,0.004421228881129064,0.10026063389523197,0.9521995279937983,0.16739046476782016,0.04964703926816583,0.05739956102031925,0.000508549929947385,0.01157378952529333,0.9503529607318342,1.8310210720206e-16,0.0,1.0,0.00011162029437732774,0.9998890869319439,0.0,0.0,1.0,1.0,1.0,0.19822295242920518,0.8349978569895029,0.07333041389938444,0.9284372497349977,0.451373646967113,0.9990017395466566,0.013331111481407639,1.0,0,0.1675020850621975,7.8125e-06,114.15001060000213
152,0.12466910063426942,0.12294968168459833,0.008597094857788179,0.010593488850593568,0.05560384282665443,0.0004457985103133251,0.004415709264747129,0.10002762375370373,0.9522188086993992,0.16760600242968388,0.04969070991501212,0.05748985037393181,0.0005097292843020719,0.011538466730216562,0.9503092900849879,1.6279266415948812e-16,0.0,1.0,0.00010088367958865343,0.9998998027294874,0.0,0.0,1.0,1.0,1.0,0.19794028485193849,0.8352434616535902,0.07340512255905196,0.9283607546240091,0.4515243796631694,0.9990024399012327,0.013331111481407639,1.0,0,0.16770688610927253,3.90625e-06,113.76722059999884
153,0.1245139327500388,0.12278761220113374,0.008631602533583064,0.010587670712471008,0.05552561069135787,0.0004457441553151875,0.004416582877857873,0.09964034541189913,0.9522789916954935,0.16751370382893246,0.04967319080606103,0.05745056471631433,0.0005093293022914636,0.011553796212798048,0.950326809193939,6.888902382362108e-16,0.0,1.0,0.00010514256619088536,0.9998955372720957,0.0,0.0,1.0,1.0,1.0,0.19806105457246304,0.8351058885455132,0.07328862079884857,0.9284729287028313,0.44955034274607897,0.9990050289779902,0.013331111481407639,1.0,0,0.16761884639512334,3.90625e-06,113.51762609999787
154,0.12460554546487983,0.12287921553921886,0.008631649650619366,0.01057496572971344,0.055578689517893944,0.00044533145357709145,0.004409350533738835,0.10009573479328568,0.9523024964146316,0.16709890723993032,0.04959905706346035,0.05728044533678191,0.0005094249848554247,0.01155206977077592,0.9504009429365396,2.5554547303649437e-15,0.0,1.0,0.0001107162134546877,0.999890074133873,0.0,0.0,1.0,1.0,1.0,0.19804092356935143,0.8351200465112925,0.07331849203910679,0.9284439571201801,0.451648305170238,0.9990019537508488,0.013331111481407639,1.0,0,0.167209623453385,3.90625e-06,112.9779673999983
155,0.12464975521087647,0.12292226641956716,0.008637444269675762,0.010568003439903259,0.05560356157548726,0.0004452382513479097,0.004410464126465049,0.09981269534910175,0.9523109630681574,0.16752092077154848,0.04954482056200504,0.05752114291380411,0.0005089554213143098,0.011531677945926655,0.950455179437995,2.087490022454774e-16,0.0,1.0,0.00010752805127988488,0.9998932108283043,0.0,0.0,1.0,1.0,1.0,0.19809517124667764,0.8350459337234497,0.07314287434564903,0.9286115281283855,0.4493508106097579,0.9990046061575413,0.013331111481407639,1.0,0,0.16762844882282837,3.90625e-06,114.25253109999903
156,0.12441290434785188,0.12268290474163368,0.00864999816207448,0.010594584221839905,0.05547031504540064,0.00044524929393286583,0.004412662116586216,0.09993934708472886,0.9522707327269018,0.1673336250139023,0.04960694024339318,0.05739798460314363,0.0005090659345174595,0.011519238652933602,0.9503930597566068,2.2978687848313546e-16,0.0,1.0,0.00010661913791259732,0.999894205480814,0.0,0.0,1.0,1.0,1.0,0.1981522673740983,0.8350049778819084,0.07333291642135009,0.9284242484718561,0.45065847784280777,0.9990045577287674,0.013331111481407639,1.0,0,0.1674402441518149,3.90625e-06,114.4359398000015
157,0.124814580209665,0.12309044584445655,0.00862067203962477,0.010572504301071166,0.055685443414095204,0.0004448919654976635,0.0044102620000497335,0.10003989333199662,0.9522697199136019,0.16742685395687534,0.049588040448725224,0.05745329419432741,0.0005088660716846977,0.011525351430082875,0.9504119595512748,1.3296127505283705e-16,0.0,1.0,0.00010528899282575894,0.9998955149203539,0.0,0.0,1.0,1.0,1.0,0.19801231287419796,0.835099458694458,0.07344028213992715,0.9283159729093313,0.4505615904927254,0.9990030508488417,0.013331111481407639,1.0,0,0.1675321429497011,3.90625e-06,114.61505670000042
158,0.12457239458728582,0.12285307349229231,0.008596605549072846,0.010557500233650208,0.055573560900927986,0.0004450212269302574,0.004415797157929191,0.09953578357090902,0.952220696490258,0.16731266114145826,0.04963275697082281,0.057373211468713436,0.000508353250014165,0.011530578859475147,0.9503672430291772,3.894359116400706e-16,0.0,1.0,0.00011506071468693086,0.9998858273029327,0.0,0.0,1.0,1.0,1.0,0.1980509110726416,0.8351071402430534,0.0733318161801435,0.9284281376749277,0.45004716981202364,0.9990056827664375,0.013331111481407639,1.0,0,0.16742772185614518,1.953125e-06,114.23904409999886
159,0.12456182382488623,0.12283880898969247,0.008615074127402622,0.010549189128875732,0.05557150993022602,0.0004446822927315952,0.004408527346835253,0.09965875216585345,0.9521745648235083,0.16737614291468708,0.049652873538434505,0.05739128908178902,0.0005084054907801439,0.011559405596986323,0.9503471264615655,2.6733739654820436e-16,0.0,1.0,0.00010852168398519232,0.9998923745006323,0.0,0.0,1.0,1.0,1.0,0.1981334714218974,0.8350684773176908,0.07360511098522693,0.9281518794596195,0.4498611940070987,0.9990048184990883,0.013331111481407639,1.0,0,0.16748466459867228,1.953125e-06,113.97202770000149
160,0.12423200864465907,0.12251626791184768,0.008578703586210032,0.010544855298995971,0.05541273610022268,0.0004447040536327404,0.004405880078735973,0.09953373300959435,0.9522667368873954,0.1671964762805381,0.049641911406069994,0.057307151030475935,0.0005086693988148853,0.01155758098539578,0.95035808859393,2.0698732377277814e-16,0.0,1.0,0.00011144693088367939,0.9998894389718771,0.0,0.0,1.0,1.0,1.0,0.19820597115904093,0.8349938336759806,0.0734274240094237,0.9283294286578894,0.4491056352853775,0.99900590069592,0.013331111481407639,1.0,0,0.1673079232114218,1.953125e-06,114.11615549999988
161,0.12459055053891614,0.12286748414963483,0.008615332108661533,0.010552203159332276,0.05558413303216395,0.00044470528277772245,0.004410177374412305,0.09970489576517284,0.9522835635580122,0.16717113556248103,0.04965221183374524,0.057292100392667446,0.0005083617070356652,0.011535544247561366,0.9503477881662548,1.0537366279285551e-16,0.0,1.0,0.00010766279076161493,0.9998931679874659,0.0,0.0,1.0,1.0,1.0,0.19802599726244807,0.83516850695014,0.07344140601344407,0.9283153899013996,0.449974974617362,0.9990051239728928,0.013331111481407639,1.0,0,0.16727879835324264,1.953125e-06,114.45280270000148
162,0.12466661820653827,0.12294309989456087,0.008617591554990504,0.010545512251853942,0.05562530014497461,0.0004446085265339934,0.004410105708691408,0.09986762572953045,0.9522412410005927,0.16715954424395396,0.04963739635422826,0.05729762111245476,0.0005085617797149504,0.011504200141573155,0.9503626036457717,1.9070803005153572e-16,0.0,1.0,0.0001102891946707572,0.9998904932290316,0.0,0.0,1.0,1.0,1.0,0.19808137603104115,0.8350839391350746,0.07314367248909548,0.9286076407879591,0.44976140186190605,0.9990045391023159,0.013331111481407639,1.0,0,0.16726983343862473,1.953125e-06,113.68007299999954
163,0.12476215896585025,0.123031314618662,0.008654221851050388,0.010560250992774963,0.05566233953592949,0.0004445994015499309,0.004407698092218343,0.09964295970713002,0.9522632425650954,0.1672837367768037,0.04963390389457345,0.057358596350723726,0.0005084077179269571,0.011527193827915736,0.9503660961054265,2.1246197354990777e-16,0.0,1.0,0.0001068274472032634,0.9998940154910088,0.0,0.0,1.0,1.0,1.0,0.1981999510899186,0.8349606152623892,0.07329591561574489,0.9284570571035147,0.4499177811667323,0.9990051798522472,0.013331111481407639,1.0,0,0.16739056422400694,1.953125e-06,112.80171340000015
164,0.12450720773094334,0.12278284651601687,0.008621806022441015,0.010558168926239014,0.05553880083214608,0.00044447739108014503,0.004410512768413355,0.09965941745031245,0.9522196697071195,0.16730267125783155,0.04962436482310295,0.05737222380584552,0.0005086442631238486,0.011531974183845092,0.950375635176897,1.0041797999000207e-15,0.0,1.0,0.00010949590073729743,0.9998914077877998,0.0,0.0,1.0,1.0,1.0,0.198059250600636,0.8351093903183937,0.07340161548927426,0.9283558670431376,0.45017088018357754,0.9990056101232767,0.013331111481407639,1.0,0,0.16741216715856885,1e-06,113.44942970000193
165,0.12454973543632776,0.1228331304012239,0.008583025175153743,0.010530470933914184,0.05557810278298566,0.000444357174889592,0.004408072847315671,0.09966934098338333,0.9522162238135934,0.1674110677644337,0.04968290822580457,0.05739737689083235,0.0005084237878275044,0.011530250039158817,0.9503170917741954,2.2582952696003043e-16,0.0,1.0,0.00011120500980125803,0.9998895991593599,0.0,0.0,1.0,1.0,1.0,0.19815528253093362,0.835010651499033,0.07337098894640803,0.9283897913992405,0.4485942339524627,0.9990063719451427,0.013331111481407639,1.0,0,0.16752227277423495,1e-06,113.34595880000052
166,0.12456311243371107,0.12284023712234572,0.00861437648845138,0.010531419558525086,0.055581312096324983,0.00044441313053364867,0.004407008276213019,0.09975949944782829,0.9521809779107571,0.16719357157259457,0.04965251078829169,0.05730105160988197,0.000508268027236447,0.011552528771742709,0.9503474892117083,8.311966023604363e-16,0.0,1.0,0.00011066215756226702,0.9998902250081301,0.0,0.0,1.0,1.0,1.0,0.19821789674460888,0.834957679733634,0.07328187138773501,0.9284822978079319,0.44964257907122374,0.9990060552954674,0.013331111481407639,1.0,0,0.16730423373015685,1e-06,114.96027590000085
167,0.12418407541176305,0.12247402373751626,0.008550258354044054,0.01052055573940277,0.05540395095693297,0.00044448958211549324,0.004404468748907093,0.09972039728745699,0.9522058428265154,0.16725881178656105,0.0496245538815856,0.05734871634425947,0.0005081387934468628,0.011544046005961437,0.9503754461184144,5.109696466077526e-17,0.0,1.0,0.00010968804796151285,0.9998912028968334,0.0,0.0,1.0,1.0,1.0,0.1981353722512722,0.8350472170859575,0.07343907345784828,0.9283183719962835,0.449426450766623,0.999005826190114,0.013331111481407639,1.0,0,0.16736849983452257,1e-06,113.20749409999917
168,0.12438256565919147,0.12266698680609464,0.00857789428630611,0.0105328568649292,0.05549437470664503,0.0004443951464444399,0.0044037637919520055,0.0995945001996013,0.9522550688125193,0.16727622252484717,0.04960464499890804,0.05737066455551183,0.0005085907618134486,0.011517560326127118,0.950395355001092,5.630127257006628e-17,0.0,1.0,0.00010701515173918005,0.9998938534408808,0.0,0.0,1.0,1.0,1.0,0.1980658951215446,0.8350926786661148,0.0734040618990548,0.9283535592257977,0.44997021462768316,0.9990059249103069,0.013331111481407639,1.0,0,0.16738323767658636,1e-06,114.1420775000006
169,0.12453777918592096,0.12281539257073774,0.008611933118547313,0.010541803169250488,0.05556418757046922,0.000444490277141158,0.004403060923840203,0.09981117664574472,0.9522661184892058,0.16721931649414412,0.04962841747328639,0.0573287294233364,0.0005080575458803367,0.01153054059904619,0.9503715825267136,1.2025307611663357e-16,0.0,1.0,0.00010942805443682057,0.9998913966119289,0.0,0.0,1.0,1.0,1.0,0.19818723807111382,0.834972457960248,0.0734249094966799,0.9283315483480692,0.44963555596768856,0.9990073535591364,0.013331111481407639,1.0,0,0.16732874454858093,1e-06,114.07343100000071
170,0.12456867167238146,0.12284272494791075,0.008629733911324293,0.010536989979743958,0.05558025801104901,0.0004443350816416205,0.004403141852124027,0.09963821716519322,0.9522744491696358,0.1673593191284998,0.049571641720831394,0.057427639118233134,0.0005081645154408549,0.011526325727158495,0.9504283582791686,2.314749839631995e-16,0.0,1.0,0.00011093442493483914,0.9998898915946484,0.0,0.0,1.0,1.0,1.0,0.19811977399513125,0.8350421842187643,0.07343760423827916,0.9283212069422007,0.4503785241395235,0.9990049097687006,0.013331111481407639,1.0,0,0.16747025355343464,1e-06,113.43899850000162
