wavelength_nm,relative_intensity
1520.0,0.42275584
1520.01,0.41711143
1520.02,0.41566023
1520.03,0.41338116
1520.04,0.41596988
1520.05,0.41614282
1520.06,0.4140495
1520.07,0.41616115
1520.08,0.41736442
1520.09,0.41924545
1520.1,0.4199669
1520.11,0.4189234
1520.12,0.42066848
1520.13,0.41870075
1520.14,0.42212427
1520.15,0.42483434
1520.16,0.41987196
1520.17,0.41844928
1520.18,0.42060646
1520.19,0.41878623
1520.2,0.42091998
1520.21,0.42456
1520.22,0.42188054
1520.23,0.42008883
1520.24,0.42090708
1520.25,0.41849875
1520.26,0.41581574
1520.27,0.4174786
1520.28,0.41615543
1520.29,0.42691994
1520.3,0.41977346
1520.31,0.416546
1520.32,0.41711777
1520.33,0.41626894
1520.34,0.41611907
1520.35,0.41607735
1520.36,0.42234388
1520.37,0.42173013
1520.38,0.42263788
1520.39,0.42111894
1520.4,0.42142
1520.41,0.42166606
1520.42,0.42306194
1520.43,0.4212303
1520.44,0.41541952
1520.45,0.4122654
1520.46,0.42042464
1520.47,0.41945708
1520.48,0.42008728
1520.49,0.41994712
1520.5,0.4206709
1520.51,0.42056933
1520.52,0.42158675
1520.53,0.41947246
1520.54,0.4166877
1520.55,0.41706383
1520.56,0.41499898
1520.57,0.41924796
1520.58,0.41809863
1520.59,0.4211722
1520.6,0.41946483
1520.61,0.41713107
1520.62,0.4147757
1520.63,0.41228187
1520.64,0.4153291
1520.65,0.41318834
1520.66,0.42417356
1520.67,0.4137641
1520.68,0.41294083
1520.69,0.41231006
1520.7,0.41270223
1520.71,0.41263855
1520.72,0.41396576
1520.73,0.4160026
1520.74,0.41196984
1520.75,0.4109318
1520.76,0.41078046
1520.77,0.40982184
1520.78,0.41140518
1520.79,0.41305682
1520.8,0.41124868
1520.81,0.41297734
1520.82,0.4101315
1520.83,0.41410178
1520.84,0.41247857
1520.85,0.4122981
1520.86,0.40742755
1520.87,0.40978757
1520.88,0.40714517
1520.89,0.40876764
1520.9,0.40989536
1520.91,0.40941975
1520.92,0.40936476
1520.93,0.40697485
1520.94,0.40950155
1520.95,0.4069126
1520.96,0.40795982
1520.97,0.40895295
1520.98,0.41002923
1520.99,0.4100328
1521.0,0.4146312
1521.01,0.40925285
1521.02,0.41161785
1521.03,0.41108537
1521.04,0.41302934
1521.05,0.40872115
1521.06,0.4079857
1521.07,0.40373725
1521.08,0.4037041
1521.09,0.40433672
1521.1,0.40211937
1521.11,0.40827325
1521.12,0.41040722
1521.13,0.4068523
1521.14,0.4032118
1521.15,0.4034438
1521.16,0.40186584
1521.17,0.3974975
1521.18,0.39413735
1521.19,0.3976864
1521.2,0.39280644
1521.21,0.39180353
1521.22,0.392735
1521.23,0.39543965
1521.24,0.39504373
1521.25,0.3923977
1521.26,0.3946358
1521.27,0.3936542
1521.28,0.3904605
1521.29,0.39720836
1521.3,0.39267612
1521.31,0.39037594
1521.32,0.39124048
1521.33,0.3865863
1521.34,0.38982317
1521.35,0.39101422
1521.36,0.3874283
1521.37,0.38945603
1521.38,0.3876226
1521.39,0.38819715
1521.4,0.38545108
1521.41,0.39798605
1521.42,0.38694414
1521.43,0.38270837
1521.44,0.38425732
1521.45,0.3805092
1521.46,0.38105083
1521.47,0.378807
1521.48,0.37751502
1521.49,0.3805937
1521.5,0.3731901
1521.51,0.37472892
1521.52,0.3769825
1521.53,0.37512034
1521.54,0.3745623
1521.55,0.3702072
1521.56,0.3709133
1521.57,0.37070277
1521.58,0.3692729
1521.59,0.36796394
1521.6,0.36809424
1521.61,0.36006835
1521.62,0.36512846
1521.63,0.36673224
1521.64,0.368096
1521.65,0.36522353
1521.66,0.3655795
1521.67,0.36811373
1521.68,0.36672783
1521.69,0.36598548
1521.7,0.364161
1521.71,0.3598637
1521.72,0.36367643
1521.73,0.3633682
1521.74,0.36082378
1521.75,0.35930884
1521.76,0.35790533
1521.77,0.3524816
1521.78,0.34927365
1521.79,0.3524818
1521.8,0.35181716
1521.81,0.35307708
1521.82,0.34966645
1521.83,0.35212427
1521.84,0.34932417
1521.85,0.3468948
1521.86,0.35021648
1521.87,0.3480323
1521.88,0.34573138
1521.89,0.34676063
1521.9,0.33953875
1521.91,0.34066525
1521.92,0.3410975
1521.93,0.34210813
1521.94,0.33952677
1521.95,0.33871195
1521.96,0.33656263
1521.97,0.33469263
1521.98,0.3341882
1521.99,0.33465856
1522.0,0.33048782
1522.01,0.3297725
1522.02,0.3297541
1522.03,0.32971415
1522.04,0.32944572
1522.05,0.33143476
1522.06,0.33046725
1522.07,0.33874017
1522.08,0.32700497
1522.09,0.32769275
1522.1,0.3285915
1522.11,0.33053434
1522.12,0.32276013
1522.13,0.32136223
1522.14,0.31991872
1522.15,0.31865716
1522.16,0.31659135
1522.17,0.32009932
1522.18,0.32052025
1522.19,0.3217531
1522.2,0.32113928
1522.21,0.3187361
1522.22,0.31510797
1522.23,0.31467575
1522.24,0.3121758
1522.25,0.31507042
1522.26,0.31456056
1522.27,0.31523162
1522.28,0.3130288
1522.29,0.31191826
1522.3,0.31257597
1522.31,0.31467205
1522.32,0.3121372
1522.33,0.31398022
1522.34,0.31145284
1522.35,0.30707574
1522.36,0.3078174
1522.37,0.30697185
1522.38,0.311179
1522.39,0.30669853
1522.4,0.30567026
1522.41,0.30215377
1522.42,0.29805368
1522.43,0.29725623
1522.44,0.2970096
1522.45,0.2954778
1522.46,0.29700595
1522.47,0.29734948
1522.48,0.29901373
1522.49,0.2970029
1522.5,0.29583383
1522.51,0.2957065
1522.52,0.29268244
1522.53,0.28955472
1522.54,0.29254693
1522.55,0.28947845
1522.56,0.2895484
1522.57,0.28871286
1522.58,0.28482944
1522.59,0.28779563
1522.6,0.28558126
1522.61,0.28890222
1522.62,0.28368083
1522.63,0.28157476
1522.64,0.28229317
1522.65,0.2837879
1522.66,0.28011796
1522.67,0.27977502
1522.68,0.2789024
1522.69,0.27706054
1522.7,0.279312
1522.71,0.27838445
1522.72,0.2760525
1522.73,0.27542055
1522.74,0.27458313
1522.75,0.27711463
1522.76,0.27195048
1522.77,0.27029124
1522.78,0.2730917
1522.79,0.26957682
1522.8,0.26883668
1522.81,0.26473522
1522.82,0.26753584
1522.83,0.26826873
1522.84,0.26625553
1522.85,0.26665473
1522.86,0.26378995
1522.87,0.26341915
1522.88,0.26217917
1522.89,0.2632362
1522.9,0.25701955
1522.91,0.25631016
1522.92,0.25632495
1522.93,0.25965047
1522.94,0.2555615
1522.95,0.25744832
1522.96,0.25588298
1522.97,0.25976348
1522.98,0.2554375
1522.99,0.2550673
1523.0,0.25360897
1523.01,0.255463
1523.02,0.25126648
1523.03,0.2523698
1523.04,0.2546528
1523.05,0.25282732
1523.06,0.2534738
1523.07,0.25018352
1523.08,0.24887964
1523.09,0.24906078
1523.1,0.24937764
1523.11,0.24925244
1523.12,0.24726853
1523.13,0.24700977
1523.14,0.24828029
1523.15,0.24349299
1523.16,0.24522609
1523.17,0.24291107
1523.18,0.24198058
1523.19,0.24382801
1523.2,0.24468714
1523.21,0.24389239
1523.22,0.24185011
1523.23,0.23764464
1523.24,0.24215078
1523.25,0.2371374
1523.26,0.2327301
1523.27,0.23707643
1523.28,0.2346419
1523.29,0.23736398
1523.3,0.23756142
1523.31,0.23817891
1523.32,0.23580979
1523.33,0.2353917
1523.34,0.23535678
1523.35,0.23656896
1523.36,0.23211215
1523.37,0.23259245
1523.38,0.22996922
1523.39,0.22803994
1523.4,0.22666638
1523.41,0.23135749
1523.42,0.22950321
1523.43,0.23247498
1523.44,0.2298819
1523.45,0.22610806
1523.46,0.22621772
1523.47,0.22977632
1523.48,0.22909175
1523.49,0.22866644
1523.5,0.22825779
1523.51,0.22844839
1523.52,0.22675121
1523.53,0.22412771
1523.54,0.22302507
1523.55,0.22403003
1523.56,0.2238761
1523.57,0.22527681
1523.58,0.2268732
1523.59,0.22587012
1523.6,0.2231386
1523.61,0.22235598
1523.62,0.22170393
1523.63,0.21804903
1523.64,0.2158216
1523.65,0.21598484
1523.66,0.21999334
1523.67,0.21755625
1523.68,0.21817656
1523.69,0.21596739
1523.7,0.21713726
1523.71,0.21686853
1523.72,0.21599495
1523.73,0.21603417
1523.74,0.21828394
1523.75,0.21877454
1523.76,0.21880646
1523.77,0.2183393
1523.78,0.21254614
1523.79,0.21386276
1523.8,0.21533014
1523.81,0.2144908
1523.82,0.21769513
1523.83,0.21765181
1523.84,0.2144599
1523.85,0.21571611
1523.86,0.21544454
1523.87,0.2146747
1523.88,0.214147
1523.89,0.21381168
1523.9,0.21439283
1523.91,0.21524236
1523.92,0.21636929
1523.93,0.2140597
1523.94,0.21590386
1523.95,0.2123266
1523.96,0.21409453
1523.97,0.21384826
1523.98,0.21669434
1523.99,0.21503755
1524.0,0.21047291
1524.01,0.21681672
1524.02,0.2196173
1524.03,0.21701398
1524.04,0.21935567
1524.05,0.21811557
1524.06,0.21584101
1524.07,0.21637477
1524.08,0.21180452
1524.09,0.21305667
1524.1,0.20963073
1524.11,0.21132387
1524.12,0.21078853
1524.13,0.21250094
1524.14,0.2124672
1524.15,0.21361859
1524.16,0.21424581
1524.17,0.21728918
1524.18,0.21563931
1524.19,0.2128404
1524.2,0.21415803
1524.21,0.21101382
1524.22,0.21090929
1524.23,0.2140806
1524.24,0.21337904
1524.25,0.21452722
1524.26,0.21304184
1524.27,0.2123026
1524.28,0.21599004
1524.29,0.21227856
1524.3,0.21246812
1524.31,0.21117146
1524.32,0.2109152
1524.33,0.21275209
1524.34,0.21279576
1524.35,0.21064916
1524.36,0.214224
1524.37,0.21289429
1524.38,0.2135423
1524.39,0.21094733
1524.4,0.21495892
1524.41,0.21276076
1524.42,0.21086384
1524.43,0.2123316
1524.44,0.21377116
1524.45,0.21754646
1524.46,0.21852972
1524.47,0.21674326
1524.48,0.21596017
1524.49,0.22014016
1524.5,0.22066724
1524.51,0.21822119
1524.52,0.2167942
1524.53,0.21519521
1524.54,0.21584034
1524.55,0.21186805
1524.56,0.21523823
1524.57,0.21200912
1524.58,0.21459933
1524.59,0.21489742
1524.6,0.21493672
1524.61,0.21514365
1524.62,0.21350168
1524.63,0.21703242
1524.64,0.21970157
1524.65,0.21863829
1524.66,0.22089946
1524.67,0.22176646
1524.68,0.21988419
1524.69,0.22064683
1524.7,0.21797661
1524.71,0.21932532
1524.72,0.21879326
1524.73,0.21925798
1524.74,0.22158557
1524.75,0.22119409
1524.76,0.22454092
1524.77,0.21906842
1524.78,0.22428678
1524.79,0.22371662
1524.8,0.22116071
1524.81,0.22295909
1524.82,0.2267045
1524.83,0.22458662
1524.84,0.22381173
1524.85,0.22417425
1524.86,0.22360009
1524.87,0.22369355
1524.88,0.22747092
1524.89,0.22717206
1524.9,0.22875097
1524.91,0.23132451
1524.92,0.23028527
1524.93,0.23306653
1524.94,0.23069455
1524.95,0.2305815
1524.96,0.23085228
1524.97,0.2303157
1524.98,0.23608682
1524.99,0.23274982
1525.0,0.23196405
1525.01,0.23191121
1525.02,0.2287121
1525.03,0.22980621
1525.04,0.23034166
1525.05,0.23390149
1525.06,0.23491465
1525.07,0.23484153
1525.08,0.23801544
1525.09,0.23989482
1525.1,0.23703626
1525.11,0.23608036
1525.12,0.23797195
1525.13,0.23966767
1525.14,0.23946878
1525.15,0.24087502
1525.16,0.24069868
1525.17,0.2421147
1525.18,0.2439296
1525.19,0.24458314
1525.2,0.24408111
1525.21,0.2444632
1525.22,0.24227619
1525.23,0.24157605
1525.24,0.2422381
1525.25,0.24424434
1525.26,0.2453377
1525.27,0.24752407
1525.28,0.24453029
1525.29,0.24765655
1525.3,0.24745363
1525.31,0.2474659
1525.32,0.2539319
1525.33,0.25473988
1525.34,0.24827726
1525.35,0.24772644
1525.36,0.25029728
1525.37,0.25513613
1525.38,0.2536818
1525.39,0.25491533
1525.4,0.26076147
1525.41,0.25798008
1525.42,0.2576129
1525.43,0.26023683
1525.44,0.26067162
1525.45,0.2615862
1525.46,0.25905645
1525.47,0.26006183
1525.48,0.25794616
1525.49,0.25954476
1525.5,0.26397538
1525.51,0.26167375
1525.52,0.25869617
1525.53,0.26056337
1525.54,0.26243073
1525.55,0.26527122
1525.56,0.26718584
1525.57,0.26903144
1525.58,0.26872748
1525.59,0.26692736
1525.6,0.26711065
1525.61,0.27082708
1525.62,0.2648592
1525.63,0.26982537
1525.64,0.27032143
1525.65,0.26864833
1525.66,0.2702477
1525.67,0.27003285
1525.68,0.2712826
1525.69,0.27321064
1525.7,0.2737685
1525.71,0.2778222
1525.72,0.27575934
1525.73,0.2736929
1525.74,0.27412206
1525.75,0.2793795
1525.76,0.27609265
1525.77,0.27848443
1525.78,0.28251767
1525.79,0.28248367
1525.8,0.28049308
1525.81,0.28407878
1525.82,0.28558564
1525.83,0.2880474
1525.84,0.28804055
1525.85,0.28880355
1525.86,0.2853465
1525.87,0.2886021
1525.88,0.28841904
1525.89,0.2886374
1525.9,0.29031175
1525.91,0.28851953
1525.92,0.29451615
1525.93,0.29503918
1525.94,0.29386032
1525.95,0.29581577
1525.96,0.29564396
1525.97,0.29285088
1525.98,0.2997218
1525.99,0.29715356
1526.0,0.29799905
1526.01,0.29960617
1526.02,0.29807213
1526.03,0.30191305
1526.04,0.30314526
1526.05,0.30148673
1526.06,0.30438536
1526.07,0.3071205
1526.08,0.31004483
1526.09,0.30740806
1526.1,0.3102114
1526.11,0.3111878
1526.12,0.30946648
1526.13,0.3127339
1526.14,0.31461447
1526.15,0.32080078
1526.16,0.31327716
1526.17,0.31942958
1526.18,0.3224233
1526.19,0.32282794
1526.2,0.3219924
1526.21,0.32123354
1526.22,0.3192433
1526.23,0.31812814
1526.24,0.3202951
1526.25,0.32347652
1526.26,0.3239575
1526.27,0.3279647
1526.28,0.3257202
1526.29,0.3275393
1526.3,0.32828474
1526.31,0.32839963
1526.32,0.32843858
1526.33,0.33226377
1526.34,0.3326517
1526.35,0.33197874
1526.36,0.336371
1526.37,0.33744028
1526.38,0.33587834
1526.39,0.3383541
1526.4,0.33971912
1526.41,0.34160882
1526.42,0.34377357
1526.43,0.34260905
1526.44,0.3434945
1526.45,0.34604132
1526.46,0.34407112
1526.47,0.34234738
1526.48,0.34568587
1526.49,0.34883812
1526.5,0.35051763
1526.51,0.3527712
1526.52,0.3495084
1526.53,0.35642874
1526.54,0.35552672
1526.55,0.35954833
1526.56,0.36023304
1526.57,0.35457456
1526.58,0.35543665
1526.59,0.35740468
1526.6,0.35863075
1526.61,0.3600757
1526.62,0.36098292
1526.63,0.366255
1526.64,0.36744714
1526.65,0.36373094
1526.66,0.3669063
1526.67,0.3711356
1526.68,0.3703772
1526.69,0.37087348
1526.7,0.3706904
1526.71,0.37302884
1526.72,0.37512156
1526.73,0.37722093
1526.74,0.37722436
1526.75,0.37804383
1526.76,0.3806415
1526.77,0.38244894
1526.78,0.38077313
1526.79,0.38198802
1526.8,0.38514602
1526.81,0.38454548
1526.82,0.38500145
1526.83,0.38517419
1526.84,0.38780972
1526.85,0.38575104
1526.86,0.3907185
1526.87,0.39080623
1526.88,0.39151257
1526.89,0.3927332
1526.9,0.39360037
1526.91,0.3928026
1526.92,0.39659733
1526.93,0.397632
1526.94,0.39789778
1526.95,0.39735562
1526.96,0.40010488
1526.97,0.40544465
1526.98,0.40252256
1526.99,0.40590867
1527.0,0.40413728
1527.01,0.4062804
1527.02,0.4078115
1527.03,0.4103387
1527.04,0.40786865
1527.05,0.40993068
1527.06,0.40880802
1527.07,0.40787745
1527.08,0.40979898
1527.09,0.40976745
1527.1,0.41333356
1527.11,0.41780928
1527.12,0.41861424
1527.13,0.41383088
1527.14,0.4175918
1527.15,0.4196188
1527.16,0.42477295
1527.17,0.42393142
1527.18,0.42560652
1527.19,0.4302869
1527.2,0.43295184
1527.21,0.43584025
1527.22,0.43489185
1527.23,0.4365527
1527.24,0.43427408
1527.25,0.43638968
1527.26,0.43995586
1527.27,0.43677327
1527.28,0.43796286
1527.29,0.441606
1527.3,0.438349
1527.31,0.44174236
1527.32,0.4414071
1527.33,0.4416992
1527.34,0.44256893
1527.35,0.4448873
1527.36,0.4450355
1527.37,0.44696146
1527.38,0.4463201
1527.39,0.45142502
1527.4,0.44759828
1527.41,0.449447
1527.42,0.4505231
1527.43,0.47285184
1527.44,0.45969847
1527.45,0.4583016
1527.46,0.457303
1527.47,0.46371725
1527.48,0.46290243
1527.49,0.4647802
1527.5,0.4639594
1527.51,0.4660651
1527.52,0.4688319
1527.53,0.4695286
1527.54,0.47500032
1527.55,0.47264597
1527.56,0.47780457
1527.57,0.4785689
1527.58,0.47780418
1527.59,0.4750173
1527.6,0.4790125
1527.61,0.47901988
1527.62,0.48051918
1527.63,0.4795399
1527.64,0.4804405
1527.65,0.48698315
1527.66,0.48955312
1527.67,0.48651466
1527.68,0.4931594
1527.69,0.49078634
1527.7,0.49156234
1527.71,0.49289882
1527.72,0.4955964
1527.73,0.5011968
1527.74,0.5005237
1527.75,0.497935
1527.76,0.49937484
1527.77,0.502747
1527.78,0.50428987
1527.79,0.5052155
1527.8,0.50714093
1527.81,0.5066184
1527.82,0.51464593
1527.83,0.51022905
1527.84,0.5106609
1527.85,0.5075249
1527.86,0.5092403
1527.87,0.5174595
1527.88,0.51556885
1527.89,0.5172871
1527.9,0.5171342
1527.91,0.5206956
1527.92,0.5219473
1527.93,0.52354544
1527.94,0.52380764
1527.95,0.52556545
1527.96,0.5249436
1527.97,0.52840257
1527.98,0.5294598
1527.99,0.53058463
1528.0,0.5306051
1528.01,0.53249884
1528.02,0.530785
1528.03,0.53564435
1528.04,0.5363337
1528.05,0.53815913
1528.06,0.5413448
1528.07,0.5411667
1528.08,0.54546916
1528.09,0.54139096
1528.1,0.54534507
1528.11,0.5460779
1528.12,0.5489032
1528.13,0.55179304
1528.14,0.55157226
1528.15,0.5545071
1528.16,0.56292623
1528.17,0.5575564
1528.18,0.5562783
1528.19,0.5554759
1528.2,0.5615647
1528.21,0.5649283
1528.22,0.5659879
1528.23,0.565106
1528.24,0.56286985
1528.25,0.56638485
1528.26,0.5659509
1528.27,0.569856
1528.28,0.5721466
1528.29,0.5732235
1528.3,0.5747497
1528.31,0.5720934
1528.32,0.5747861
1528.33,0.57505053
1528.34,0.5755117
1528.35,0.57835215
1528.36,0.58091146
1528.37,0.58115876
1528.38,0.58565134
1528.39,0.58374345
1528.4,0.58782923
1528.41,0.59059066
1528.42,0.5910749
1528.43,0.59079504
1528.44,0.5948019
1528.45,0.589981
1528.46,0.5956372
1528.47,0.5937647
1528.48,0.59493643
1528.49,0.60339665
1528.5,0.60462373
1528.51,0.60238624
1528.52,0.6066578
1528.53,0.6021235
1528.54,0.6014347
1528.55,0.6034521
1528.56,0.606517
1528.57,0.6060637
1528.58,0.60753715
1528.59,0.6135889
1528.6,0.61659783
1528.61,0.6159939
1528.62,0.6146791
1528.63,0.61549467
1528.64,0.6150507
1528.65,0.61843055
1528.66,0.61936975
1528.67,0.6217552
1528.68,0.6227486
1528.69,0.6296539
1528.7,0.63012046
1528.71,0.6285345
1528.72,0.62762195
1528.73,0.6322288
1528.74,0.63348365
1528.75,0.6337218
1528.76,0.6376988
1528.77,0.6411753
1528.78,0.6408049
1528.79,0.6412433
1528.8,0.6427575
1528.81,0.6432929
1528.82,0.6419178
1528.83,0.6451242
1528.84,0.6457819
1528.85,0.6452636
1528.86,0.65062785
1528.87,0.6532031
1528.88,0.651721
1528.89,0.654253
1528.9,0.65346766
1528.91,0.65632945
1528.92,0.6602916
1528.93,0.65899295
1528.94,0.6586719
1528.95,0.65939313
1528.96,0.65955466
1528.97,0.6617804
1528.98,0.6654173
1528.99,0.6676489
1529.0,0.6693459
1529.01,0.6684405
1529.02,0.6739973
1529.03,0.67805165
1529.04,0.6771467
1529.05,0.67876685
1529.06,0.68080485
1529.07,0.6790622
1529.08,0.6797133
1529.09,0.68518764
1529.1,0.68173677
1529.11,0.67868936
1529.12,0.68302226
1529.13,0.6819161
1529.14,0.6861668
1529.15,0.6920115
1529.16,0.69312567
1529.17,0.6921125
1529.18,0.6929541
1529.19,0.6941155
1529.2,0.6940889
1529.21,0.6981214
1529.22,0.69591177
1529.23,0.6993956
1529.24,0.69953626
1529.25,0.69933563
1529.26,0.7012307
1529.27,0.6981787
1529.28,0.7009529
1529.29,0.7048837
1529.3,0.7055232
1529.31,0.7067863
1529.32,0.7077702
1529.33,0.71098506
1529.34,0.7113758
1529.35,0.7156196
1529.36,0.71728104
1529.37,0.7209366
1529.38,0.71945053
1529.39,0.7183238
1529.4,0.72218275
1529.41,0.72251284
1529.42,0.7203657
1529.43,0.71900165
1529.44,0.71914417
1529.45,0.72450215
1529.46,0.72486997
1529.47,0.7282198
1529.48,0.73010695
1529.49,0.7330202
1529.5,0.73601496
1529.51,0.737311
1529.52,0.739673
1529.53,0.739636
1529.54,0.7408831
1529.55,0.74277544
1529.56,0.7360244
1529.57,0.7367221
1529.58,0.7406082
1529.59,0.7436947
1529.6,0.74473035
1529.61,0.7420254
1529.62,0.7481499
1529.63,0.7492231
1529.64,0.7434726
1529.65,0.75344825
1529.66,0.7507353
1529.67,0.7503379
1529.68,0.74882287
1529.69,0.757201
1529.7,0.7572367
1529.71,0.7556657
1529.72,0.7570997
1529.73,0.75470793
1529.74,0.75595033
1529.75,0.76025116
1529.76,0.76164097
1529.77,0.7681375
1529.78,0.76848483
1529.79,0.7667542
1529.8,0.76973665
1529.81,0.7674416
1529.82,0.76809734
1529.83,0.7712259
1529.84,0.7749013
1529.85,0.770798
1529.86,0.7726956
1529.87,0.7733379
1529.88,0.7781616
1529.89,0.7796563
1529.9,0.78048277
1529.91,0.78250974
1529.92,0.7822024
1529.93,0.7854268
1529.94,0.78573006
1529.95,0.78785974
1529.96,0.7909122
1529.97,0.7886998
1529.98,0.7881236
1529.99,0.7909111
1530.0,0.79589945
1530.01,0.79786116
1530.02,0.7984933
1530.03,0.7998078
1530.04,0.79764044
1530.05,0.79981023
1530.06,0.8013321
1530.07,0.80085325
1530.08,0.8040382
1530.09,0.8051005
1530.1,0.80385053
1530.11,0.8079154
1530.12,0.80529106
1530.13,0.80397916
1530.14,0.80606383
1530.15,0.8088404
1530.16,0.8056713
1530.17,0.8032462
1530.18,0.8122088
1530.19,0.8107378
1530.2,0.81266505
1530.21,0.814341
1530.22,0.8132161
1530.23,0.81699854
1530.24,0.81591344
1530.25,0.819148
1530.26,0.82028586
1530.27,0.8215583
1530.28,0.8231938
1530.29,0.8235645
1530.3,0.82199645
1530.31,0.8259871
1530.32,0.82610595
1530.33,0.8318065
1530.34,0.8344951
1530.35,0.83840007
1530.36,0.83322835
1530.37,0.8352436
1530.38,0.8326954
1530.39,0.83832675
1530.4,0.8360216
1530.41,0.8368866
1530.42,0.8370835
1530.43,0.83845204
1530.44,0.83676684
1530.45,0.8384236
1530.46,0.8412542
1530.47,0.8376318
1530.48,0.83919233
1530.49,0.84314245
1530.5,0.84402657
1530.51,0.84218115
1530.52,0.840775
1530.53,0.84610516
1530.54,0.8500685
1530.55,0.8562939
1530.56,0.85073346
1530.57,0.8509178
1530.58,0.8525282
1530.59,0.8561248
1530.6,0.8538121
1530.61,0.8562545
1530.62,0.8586013
1530.63,0.8613249
1530.64,0.8613124
1530.65,0.8627048
1530.66,0.862534
1530.67,0.86400986
1530.68,0.8628872
1530.69,0.8654009
1530.7,0.8620494
1530.71,0.8644572
1530.72,0.8660526
1530.73,0.8705235
1530.74,0.8707301
1530.75,0.8707687
1530.76,0.87143993
1530.77,0.8701332
1530.78,0.86746883
1530.79,0.87194777
1530.8,0.87144655
1530.81,0.8737568
1530.82,0.8698965
1530.83,0.87198824
1530.84,0.87652636
1530.85,0.87303597
1530.86,0.8730686
1530.87,0.8735026
1530.88,0.8774657
1530.89,0.87960386
1530.9,0.87768805
1530.91,0.87633824
1530.92,0.8773533
1530.93,0.8794329
1530.94,0.8818567
1530.95,0.8837983
1530.96,0.8846001
1530.97,0.88369364
1530.98,0.8772863
1530.99,0.88268
1531.0,0.88671684
1531.01,0.88774407
1531.02,0.88535714
1531.03,0.8898907
1531.04,0.8932456
1531.05,0.8922306
1531.06,0.8919218
1531.07,0.8924036
1531.08,0.89006704
1531.09,0.8894461
1531.1,0.8901685
1531.11,0.8890841
1531.12,0.89031804
1531.13,0.8918649
1531.14,0.8957739
1531.15,0.89647675
1531.16,0.8966266
1531.17,0.9000227
1531.18,0.8984528
1531.19,0.89891636
1531.2,0.9030802
1531.21,0.90182984
1531.22,0.9022578
1531.23,0.9037961
1531.24,0.9055653
1531.25,0.9031376
1531.26,0.9046363
1531.27,0.90725815
1531.28,0.90425426
1531.29,0.9073223
1531.3,0.9099416
1531.31,0.9092736
1531.32,0.91051435
1531.33,0.9100971
1531.34,0.91213787
1531.35,0.9124128
1531.36,0.9112668
1531.37,0.91539854
1531.38,0.91116196
1531.39,0.9141428
1531.4,0.9123167
1531.41,0.91295904
1531.42,0.913065
1531.43,0.91360813
1531.44,0.91509163
1531.45,0.91365737
1531.46,0.9127827
1531.47,0.91762865
1531.48,0.91400176
1531.49,0.9119116
1531.5,0.91836643
1531.51,0.9192096
1531.52,0.9169466
1531.53,0.91816205
1531.54,0.9159852
1531.55,0.9187372
1531.56,0.922547
1531.57,0.9188074
1531.58,0.9229829
1531.59,0.92509985
1531.6,0.9255806
1531.61,0.9284816
1531.62,0.9263459
1531.63,0.9320552
1531.64,0.9273547
1531.65,0.92424744
1531.66,0.9259942
1531.67,0.924207
1531.68,0.9255087
1531.69,0.9279531
1531.7,0.9286612
1531.71,0.9321729
1531.72,0.93198013
1531.73,0.93410987
1531.74,0.9346893
1531.75,0.9331758
1531.76,0.9323295
1531.77,0.93184906
1531.78,0.9273615
1531.79,0.93230325
1531.8,0.9370604
1531.81,0.9389208
1531.82,0.93799233
1531.83,0.9414056
1531.84,0.9402392
1531.85,0.93999016
1531.86,0.94139117
1531.87,0.93836784
1531.88,0.9389213
1531.89,0.94265336
1531.9,0.939381
1531.91,0.94067854
1531.92,0.94300747
1531.93,0.9442693
1531.94,0.94259167
1531.95,0.9449535
1531.96,0.94677985
1531.97,0.9469072
1531.98,0.9481281
1531.99,0.9475967
1532.0,0.95101553
1532.01,0.9484943
1532.02,0.94468915
1532.03,0.9455768
1532.04,0.9439771
1532.05,0.9449929
1532.06,0.94283444
1532.07,0.9452626
1532.08,0.9439416
1532.09,0.9419055
1532.1,0.9440423
1532.11,0.9415343
1532.12,0.9411214
1532.13,0.93652254
1532.14,0.94118845
1532.15,0.94262075
1532.16,0.94503164
1532.17,0.94499743
1532.18,0.9476366
1532.19,0.950091
1532.2,0.9447079
1532.21,0.9458658
1532.22,0.95038074
1532.23,0.94677544
1532.24,0.9435264
1532.25,0.9520181
1532.26,0.95028126
1532.27,0.9539155
1532.28,0.9509378
1532.29,0.95246947
1532.3,0.9543664
1532.31,0.9436862
1532.32,0.9517659
1532.33,0.95269215
1532.34,0.95257324
1532.35,0.9557024
1532.36,0.9531715
1532.37,0.95470035
1532.38,0.95490414
1532.39,0.95379496
1532.4,0.9525655
1532.41,0.95477843
1532.42,0.9559146
1532.43,0.95682406
1532.44,0.9545927
1532.45,0.95055217
1532.46,0.95107824
1532.47,0.94855416
1532.48,0.9477101
1532.49,0.9509642
1532.5,0.9501761
1532.51,0.9548802
1532.52,0.95356745
1532.53,0.9529483
1532.54,0.9536443
1532.55,0.9553986
1532.56,0.9564222
1532.57,0.9515125
1532.58,0.95004594
1532.59,0.9540649
1532.6,0.9505944
1532.61,0.9510767
1532.62,0.94958234
1532.63,0.950313
1532.64,0.95231813
1532.65,0.9517877
1532.66,0.9550293
1532.67,0.9534885
1532.68,0.95018435
1532.69,0.9502324
1532.7,0.9507508
1532.71,0.95491326
1532.72,0.9520415
1532.73,0.95189464
1532.74,0.950591
1532.75,0.9474318
1532.76,0.94136834
1532.77,0.94933987
1532.78,0.95070565
1532.79,0.9509268
1532.8,0.9520526
1532.81,0.9514713
1532.82,0.950856
1532.83,0.95085955
1532.84,0.9505107
1532.85,0.9485877
1532.86,0.94916123
1532.87,0.9502731
1532.88,0.95289797
1532.89,0.95254713
1532.9,0.9534382
1532.91,0.9471446
1532.92,0.9481556
1532.93,0.94581074
1532.94,0.94820607
1532.95,0.94804966
1532.96,0.9496442
1532.97,0.94386494
1532.98,0.94557893
1532.99,0.9464433
1533.0,0.9454651
1533.01,0.9445077
1533.02,0.9489635
1533.03,0.94662267
1533.04,0.94694823
1533.05,0.9443889
1533.06,0.9484057
1533.07,0.94832754
1533.08,0.94715333
1533.09,0.9477565
1533.1,0.94553405
1533.11,0.9444038
1533.12,0.9451015
1533.13,0.9460684
1533.14,0.9459544
1533.15,0.9441809
1533.16,0.94611686
1533.17,0.9456734
1533.18,0.9442713
1533.19,0.94296384
1533.2,0.9407749
1533.21,0.9447466
1533.22,0.94586486
1533.23,0.94748354
1533.24,0.9484622
1533.25,0.9482819
1533.26,0.9466354
1533.27,0.9447797
1533.28,0.94325227
1533.29,0.9413199
1533.3,0.9360463
1533.31,0.9393426
1533.32,0.9369253
1533.33,0.93805784
1533.34,0.9427369
1533.35,0.9406216
1533.36,0.93888986
1533.37,0.9389309
1533.38,0.93747616
1533.39,0.9379895
1533.4,0.9393253
1533.41,0.934138
1533.42,0.93464774
1533.43,0.9333274
1533.44,0.9336601
1533.45,0.9359289
1533.46,0.9369736
1533.47,0.9327039
1533.48,0.9305322
1533.49,0.9319775
1533.5,0.93149865
1533.51,0.9335436
1533.52,0.929514
1533.53,0.9290739
1533.54,0.92429096
1533.55,0.93167776
1533.56,0.92601204
1533.57,0.92540354
1533.58,0.92376804
1533.59,0.92236346
1533.6,0.91893834
1533.61,0.9168562
1533.62,0.9218526
1533.63,0.92049575
1533.64,0.92245364
1533.65,0.9244685
1533.66,0.9223493
1533.67,0.923595
1533.68,0.92177707
1533.69,0.92027456
1533.7,0.9200971
1533.71,0.918055
1533.72,0.91731244
1533.73,0.9173158
1533.74,0.91869354
1533.75,0.9193968
1533.76,0.91626835
1533.77,0.9155164
1533.78,0.91615295
1533.79,0.9133957
1533.8,0.91597056
1533.81,0.9153852
1533.82,0.91444206
1533.83,0.90786207
1533.84,0.90823245
1533.85,0.90841794
1533.86,0.90686595
1533.87,0.9073462
1533.88,0.90440553
1533.89,0.9055032
1533.9,0.9052643
1533.91,0.90380627
1533.92,0.90021247
1533.93,0.90106106
1533.94,0.8984376
1533.95,0.90110683
1533.96,0.89646566
1533.97,0.89756924
1533.98,0.8994232
1533.99,0.89828616
1534.0,0.8963048
1534.01,0.8934018
1534.02,0.9025729
1534.03,0.89304054
1534.04,0.8933336
1534.05,0.89353466
1534.06,0.8914137
1534.07,0.8889817
1534.08,0.8878538
1534.09,0.88752604
1534.1,0.88676775
1534.11,0.8868445
1534.12,0.88596475
1534.13,0.8869021
1534.14,0.8817442
1534.15,0.88510084
1534.16,0.8815667
1534.17,0.879269
1534.18,0.8818945
1534.19,0.8793515
1534.2,0.8777028
1534.21,0.8784174
1534.22,0.87448573
1534.23,0.8726626
1534.24,0.87529373
1534.25,0.87208307
1534.26,0.8724709
1534.27,0.8710101
1534.28,0.8694409
1534.29,0.8736103
1534.3,0.8695293
1534.31,0.8663948
1534.32,0.8670601
1534.33,0.8627713
1534.34,0.8616756
1534.35,0.8628185
1534.36,0.86248547
1534.37,0.855751
1534.38,0.8582839
1534.39,0.8599081
1534.4,0.85878485
1534.41,0.8582684
1534.42,0.85738766
1534.43,0.8548687
1534.44,0.8579232
1534.45,0.85710686
1534.46,0.85340726
1534.47,0.8537154
1534.48,0.85225874
1534.49,0.8521475
1534.5,0.8496233
1534.51,0.8497941
1534.52,0.84899694
1534.53,0.8454656
1534.54,0.8437934
1534.55,0.8409153
1534.56,0.83687854
1534.57,0.8322942
1534.58,0.83435935
1534.59,0.8322206
1534.6,0.8328091
1534.61,0.83178645
1534.62,0.8287221
1534.63,0.8262705
1534.64,0.82762045
1534.65,0.8282341
1534.66,0.82964617
1534.67,0.82907856
1534.68,0.82163745
1534.69,0.8198094
1534.7,0.82352
1534.71,0.8243465
1534.72,0.82220256
1534.73,0.8226486
1534.74,0.8198592
1534.75,0.82079065
1534.76,0.8203719
1534.77,0.822423
1534.78,0.8177448
1534.79,0.8168525
1534.8,0.81426764
1534.81,0.81013376
1534.82,0.8070848
1534.83,0.80888116
1534.84,0.806398
1534.85,0.8053836
1534.86,0.8049125
1534.87,0.8063725
1534.88,0.80598676
1534.89,0.8027893
1534.9,0.80031157
1534.91,0.79298323
1534.92,0.79568744
1534.93,0.7935431
1534.94,0.79591584
1534.95,0.7971042
1534.96,0.79810554
1534.97,0.7937155
1534.98,0.7907858
1534.99,0.78572774
1535.0,0.7863638
1535.01,0.7844262
1535.02,0.78367406
1535.03,0.7797936
1535.04,0.7822736
1535.05,0.78330517
1535.06,0.7801148
1535.07,0.7799018
1535.08,0.7812229
1535.09,0.77713305
1535.1,0.77304614
1535.11,0.7704948
1535.12,0.77088565
1535.13,0.7738754
1535.14,0.77298695
1535.15,0.7696651
1535.16,0.7700719
1535.17,0.7659019
1535.18,0.7651026
1535.19,0.7615254
1535.2,0.7635838
1535.21,0.7588472
1535.22,0.7589261
1535.23,0.7609155
1535.24,0.75684774
1535.25,0.7546623
1535.26,0.7498515
1535.27,0.7505641
1535.28,0.7482222
1535.29,0.745481
1535.3,0.742603
1535.31,0.7443093
1535.32,0.73986965
1535.33,0.741527
1535.34,0.7411148
1535.35,0.73713315
1535.36,0.73544425
1535.37,0.73699737
1535.38,0.73044825
1535.39,0.72912306
1535.4,0.73011434
1535.41,0.7271477
1535.42,0.72965777
1535.43,0.72712183
1535.44,0.72611195
1535.45,0.7276506
1535.46,0.7287598
1535.47,0.7272605
1535.48,0.7241818
1535.49,0.7235603
1535.5,0.7206482
1535.51,0.71955955
1535.52,0.7155574
1535.53,0.7122541
1535.54,0.71521956
1535.55,0.7155545
1535.56,0.7133011
1535.57,0.7100458
1535.58,0.70963216
1535.59,0.70918
1535.6,0.71059483
1535.61,0.7057892
1535.62,0.70566416
1535.63,0.7025076
1535.64,0.70205134
1535.65,0.69769084
1535.66,0.7011947
1535.67,0.69788194
1535.68,0.69238687
1535.69,0.6900239
1535.7,0.69138706
1535.71,0.69024265
1535.72,0.6894593
1535.73,0.68719715
1535.74,0.68639153
1535.75,0.683094
1535.76,0.682859
1535.77,0.68188936
1535.78,0.6809357
1535.79,0.6801805
1535.8,0.67927265
1535.81,0.67448336
1535.82,0.67564607
1535.83,0.67682165
1535.84,0.67677134
1535.85,0.67503345
1535.86,0.6682017
1535.87,0.66532123
1535.88,0.6651761
1535.89,0.6662257
1535.9,0.66619766
1535.91,0.66714466
1535.92,0.65971106
1535.93,0.66278255
1535.94,0.65611136
1535.95,0.6569564
1535.96,0.6602389
1535.97,0.6539702
1535.98,0.6550461
1535.99,0.65335447
1536.0,0.64667344
1536.01,0.64755416
1536.02,0.64745873
1536.03,0.64524233
1536.04,0.6429063
1536.05,0.6451046
1536.06,0.6385051
1536.07,0.64210516
1536.08,0.64066374
1536.09,0.63910884
1536.1,0.63994145
1536.11,0.6402628
1536.12,0.6344417
1536.13,0.63526076
1536.14,0.6370155
1536.15,0.63566476
1536.16,0.62870276
1536.17,0.6270299
1536.18,0.6287755
1536.19,0.62896425
1536.2,0.62573195
1536.21,0.62379533
1536.22,0.6192539
1536.23,0.6203791
1536.24,0.62016535
1536.25,0.61719745
1536.26,0.6162135
1536.27,0.620674
1536.28,0.61596
1536.29,0.61525816
1536.3,0.61391705
1536.31,0.610301
1536.32,0.6083286
1536.33,0.60854757
1536.34,0.6058893
1536.35,0.6042275
1536.36,0.6012297
1536.37,0.5995462
1536.38,0.5984726
1536.39,0.5987757
1536.4,0.5961872
1536.41,0.5979755
1536.42,0.5930342
1536.43,0.596768
1536.44,0.5924632
1536.45,0.5953319
1536.46,0.59289664
1536.47,0.5929723
1536.48,0.59073
1536.49,0.5886745
1536.5,0.5858035
1536.51,0.5879858
1536.52,0.58537006
1536.53,0.5838626
1536.54,0.5845658
1536.55,0.5762557
1536.56,0.5767528
1536.57,0.5752619
1536.58,0.5783385
1536.59,0.575671
1536.6,0.5736252
1536.61,0.57483923
1536.62,0.57052815
1536.63,0.56667143
1536.64,0.57047665
1536.65,0.56748605
1536.66,0.5668963
1536.67,0.5665861
1536.68,0.56530154
1536.69,0.56319356
1536.7,0.56315225
1536.71,0.56214577
1536.72,0.55682564
1536.73,0.560486
1536.74,0.56045103
1536.75,0.558578
1536.76,0.55423754
1536.77,0.55096155
1536.78,0.55056304
1536.79,0.55200654
1536.8,0.5535606
1536.81,0.5530922
1536.82,0.547683
1536.83,0.5447115
1536.84,0.54191595
1536.85,0.5457596
1536.86,0.5424904
1536.87,0.5408146
1536.88,0.5399472
1536.89,0.5379379
1536.9,0.53832126
1536.91,0.5372592
1536.92,0.53416777
1536.93,0.5276592
1536.94,0.5297549
1536.95,0.527499
1536.96,0.5279153
1536.97,0.526802
1536.98,0.52885145
1536.99,0.52709407
1537.0,0.52577144
1537.01,0.52265406
1537.02,0.5205977
1537.03,0.5197056
1537.04,0.5210425
1537.05,0.5175214
1537.06,0.5188795
1537.07,0.519559
1537.08,0.5173415
1537.09,0.5153232
1537.1,0.5186018
1537.11,0.5165631
1537.12,0.5187484
1537.13,0.51417774
1537.14,0.51144475
1537.15,0.5118076
1537.16,0.5111132
1537.17,0.50899416
1537.18,0.5090858
1537.19,0.5078868
1537.2,0.50531536
1537.21,0.50540465
1537.22,0.5065279
1537.23,0.50372183
1537.24,0.49916834
1537.25,0.49851403
1537.26,0.49966535
1537.27,0.4994518
1537.28,0.4988059
1537.29,0.49464688
1537.3,0.49472174
1537.31,0.49424654
1537.32,0.4894082
1537.33,0.48788512
1537.34,0.49214688
1537.35,0.4876484
1537.36,0.48999873
1537.37,0.4888558
1537.38,0.48842865
1537.39,0.48628557
1537.4,0.48520127
1537.41,0.48703584
1537.42,0.48569292
1537.43,0.48410222
1537.44,0.48269758
1537.45,0.48042288
1537.46,0.4795819
1537.47,0.47679588
1537.48,0.47679153
1537.49,0.47592705
1537.5,0.47740632
1537.51,0.4783944
1537.52,0.47801107
1537.53,0.47354525
1537.54,0.47294256
1537.55,0.4729562
1537.56,0.467053
1537.57,0.46734875
1537.58,0.46867752
1537.59,0.46799007
1537.6,0.4674389
1537.61,0.46612176
1537.62,0.4651323
1537.63,0.46487877
1537.64,0.4665689
1537.65,0.46283177
1537.66,0.46371794
1537.67,0.461835
1537.68,0.4612848
1537.69,0.45792854
1537.7,0.45988387
1537.71,0.46020687
1537.72,0.46027425
1537.73,0.4601382
1537.74,0.45517763
1537.75,0.45593297
1537.76,0.4566027
1537.77,0.45220214
1537.78,0.4521562
1537.79,0.45233262
1537.8,0.45011914
1537.81,0.44969124
1537.82,0.4479047
1537.83,0.44977418
1537.84,0.44943342
1537.85,0.4480877
1537.86,0.45006368
1537.87,0.44698435
1537.88,0.4461857
1537.89,0.44660056
1537.9,0.44622767
1537.91,0.44492358
1537.92,0.4420061
1537.93,0.4430535
1537.94,0.4445349
1537.95,0.4399745
1537.96,0.43797126
1537.97,0.43700525
1537.98,0.43702954
1537.99,0.4343894
1538.0,0.43719682
1538.01,0.43361613
1538.02,0.43567598
1538.03,0.43685207
1538.04,0.43507528
1538.05,0.43081662
1538.06,0.43502933
1538.07,0.43225017
1538.08,0.4296147
1538.09,0.42795983
1538.1,0.42712638
1538.11,0.42803687
1538.12,0.4296956
1538.13,0.43175176
1538.14,0.431065
1538.15,0.42632964
1538.16,0.42825142
1538.17,0.42906344
1538.18,0.4280183
1538.19,0.42979524
1538.2,0.4265216
1538.21,0.42566687
1538.22,0.42236835
1538.23,0.41959253
1538.24,0.42497095
1538.25,0.42706951
1538.26,0.42104253
1538.27,0.4243334
1538.28,0.42345574
1538.29,0.41959164
1538.3,0.4175494
1538.31,0.41333425
1538.32,0.4120607
1538.33,0.4120525
1538.34,0.41103232
1538.35,0.41063866
1538.36,0.41274744
1538.37,0.41230237
1538.38,0.4127786
1538.39,0.41212082
1538.4,0.4133674
1538.41,0.41143605
1538.42,0.4124375
1538.43,0.4145559
1538.44,0.40849212
1538.45,0.40771618
1538.46,0.4071905
1538.47,0.40531465
1538.48,0.40234405
1538.49,0.4025574
1538.5,0.4044106
1538.51,0.40019974
1538.52,0.3993352
1538.53,0.3992736
1538.54,0.39985216
1538.55,0.40204677
1538.56,0.40130952
1538.57,0.40345937
1538.58,0.40055597
1538.59,0.40073276
1538.6,0.3966949
1538.61,0.40240902
1538.62,0.3974102
1538.63,0.39659932
1538.64,0.39459324
1538.65,0.39924812
1538.66,0.39922225
1538.67,0.39558703
1538.68,0.3985731
1538.69,0.4005643
1538.7,0.39939734
1538.71,0.40143123
1538.72,0.39683837
1538.73,0.3979216
1538.74,0.39670172
1538.75,0.3960816
1538.76,0.39761832
1538.77,0.39407656
1538.78,0.39504042
1538.79,0.39070633
1538.8,0.39387256
1538.81,0.39383796
1538.82,0.3916812
1538.83,0.39265844
1538.84,0.3920401
1538.85,0.391722
1538.86,0.39341718
1538.87,0.3936367
1538.88,0.38926145
1538.89,0.38901544
1538.9,0.3897497
1538.91,0.38699716
1538.92,0.39081272
1538.93,0.38821852
1538.94,0.3892593
1538.95,0.38935375
1538.96,0.386407
1538.97,0.38658485
1538.98,0.38706356
1538.99,0.38623872
1539.0,0.3807944
1539.01,0.38877764
1539.02,0.38282076
1539.03,0.3828301
1539.04,0.38168114
1539.05,0.37994045
1539.06,0.3813424
1539.07,0.38314912
1539.08,0.38216466
1539.09,0.38363585
1539.1,0.3831321
1539.11,0.38569593
1539.12,0.37908438
1539.13,0.37820715
1539.14,0.38178918
1539.15,0.38009575
1539.16,0.38081193
1539.17,0.38037232
1539.18,0.37980834
1539.19,0.3787635
1539.2,0.37784508
1539.21,0.3817162
1539.22,0.37899736
1539.23,0.37878293
1539.24,0.380794
1539.25,0.38030303
1539.26,0.3770703
1539.27,0.37946138
1539.28,0.38097864
1539.29,0.37942833
1539.3,0.37855878
1539.31,0.38019523
1539.32,0.38267562
1539.33,0.38043383
1539.34,0.3767941
1539.35,0.37807038
1539.36,0.37421396
1539.37,0.37435785
1539.38,0.37378213
1539.39,0.3734662
1539.4,0.3725116
1539.41,0.3738198
1539.42,0.37435517
1539.43,0.36983365
1539.44,0.37603253
1539.45,0.3764925
1539.46,0.37889525
1539.47,0.3797719
1539.48,0.3787968
1539.49,0.3765259
1539.5,0.37300643
1539.51,0.37774852
1539.52,0.37511694
1539.53,0.37912706
1539.54,0.37893647
1539.55,0.37620822
1539.56,0.37570912
1539.57,0.3743906
1539.58,0.37243602
1539.59,0.3737638
1539.6,0.37134454
1539.61,0.37254056
1539.62,0.3704332
1539.63,0.36987454
1539.64,0.3741676
1539.65,0.37583613
1539.66,0.3710825
1539.67,0.37347758
1539.68,0.37088773
1539.69,0.3742655
1539.7,0.373133
1539.71,0.3748166
1539.72,0.37408218
1539.73,0.37347043
1539.74,0.37064147
1539.75,0.36889258
1539.76,0.37048346
1539.77,0.36939016
1539.78,0.37068495
1539.79,0.37268323
1539.8,0.36893517
1539.81,0.3693485
1539.82,0.37265047
1539.83,0.37405828
1539.84,0.37207186
1539.85,0.37204647
1539.86,0.3737174
1539.87,0.37553796
1539.88,0.37689325
1539.89,0.37949744
1539.9,0.37708735
1539.91,0.37425515
1539.92,0.37199244
1539.93,0.37501854
1539.94,0.37845433
1539.95,0.37517598
1539.96,0.3804702
1539.97,0.37526852
1539.98,0.37057024
1539.99,0.37070373
1540.0,0.37594894
1540.01,0.37132356
1540.02,0.37496394
1540.03,0.37376738
1540.04,0.37311617
1540.05,0.37470812
1540.06,0.37896988
1540.07,0.37310547
1540.08,0.37181902
1540.09,0.37606242
1540.1,0.3738853
1540.11,0.37371245
1540.12,0.37024528
1540.13,0.3710932
1540.14,0.3686148
1540.15,0.37456417
1540.16,0.3726994
1540.17,0.3720922
1540.18,0.37591317
1540.19,0.37635767
1540.2,0.37560198
1540.21,0.3734523
1540.22,0.36927438
1540.23,0.3726697
1540.24,0.37293428
1540.25,0.3722369
1540.26,0.3729474
1540.27,0.37508553
1540.28,0.37330714
1540.29,0.37012565
1540.3,0.373706
1540.31,0.37169984
1540.32,0.3706879
1540.33,0.3717922
1540.34,0.37281576
1540.35,0.37355047
1540.36,0.37304753
1540.37,0.37397105
1540.38,0.37496495
1540.39,0.37819725
1540.4,0.37612164
1540.41,0.37458196
1540.42,0.3756038
1540.43,0.37767777
1540.44,0.37706465
1540.45,0.37674806
1540.46,0.3754992
1540.47,0.37641338
1540.48,0.38204306
1540.49,0.3788456
1540.5,0.3761876
1540.51,0.37896362
1540.52,0.38060898
1540.53,0.3848162
1540.54,0.38019353
1540.55,0.37909493
1540.56,0.37975475
1540.57,0.37891135
1540.58,0.3804365
1540.59,0.3781498
1540.6,0.37967938
1540.61,0.37505117
1540.62,0.37710842
1540.63,0.37975702
1540.64,0.37981644
1540.65,0.3819361
1540.66,0.37911674
1540.67,0.37978202
1540.68,0.3824522
1540.69,0.38008192
1540.7,0.37938496
1540.71,0.38394025
1540.72,0.38164836
1540.73,0.3869249
1540.74,0.38702732
1540.75,0.3839437
1540.76,0.38378948
1540.77,0.38226745
1540.78,0.38758305
1540.79,0.38841054
1540.8,0.3844494
1540.81,0.3869193
1540.82,0.3840559
1540.83,0.38389894
1540.84,0.3866991
1540.85,0.38538682
1540.86,0.38406318
1540.87,0.38362482
1540.88,0.38565883
1540.89,0.3841814
1540.9,0.3851536
1540.91,0.38813344
1540.92,0.3869816
1540.93,0.3854827
1540.94,0.3860686
1540.95,0.38992056
1540.96,0.39339575
1540.97,0.38865876
1540.98,0.38923785
1540.99,0.39259303
1541.0,0.39019942
1541.01,0.39122418
1541.02,0.39398587
1541.03,0.38834083
1541.04,0.3890111
1541.05,0.39063114
1541.06,0.3891163
1541.07,0.38688338
1541.08,0.38924024
1541.09,0.39212704
1541.1,0.39199564
1541.11,0.39269164
1541.12,0.39442635
1541.13,0.39619744
1541.14,0.39361843
1541.15,0.39599052
1541.16,0.39225167
1541.17,0.3955679
1541.18,0.39373082
1541.19,0.39539617
1541.2,0.3958574
1541.21,0.39712206
1541.22,0.3964888
1541.23,0.39869416
1541.24,0.3968031
1541.25,0.39767385
1541.26,0.3989395
1541.27,0.39711022
1541.28,0.39692605
1541.29,0.40082982
1541.3,0.3964964
1541.31,0.39450416
1541.32,0.39629272
1541.33,0.39761686
1541.34,0.39840293
1541.35,0.39958015
1541.36,0.39988562
1541.37,0.4002778
1541.38,0.3984148
1541.39,0.3985573
1541.4,0.4005147
1541.41,0.4035195
1541.42,0.40308446
1541.43,0.404833
1541.44,0.40387473
1541.45,0.4015587
1541.46,0.405514
1541.47,0.40896562
1541.48,0.40831813
1541.49,0.4075104
1541.5,0.40392056
1541.51,0.40537736
1541.52,0.40403017
1541.53,0.40533274
1541.54,0.4088442
1541.55,0.40766123
1541.56,0.4109815
1541.57,0.41261682
1541.58,0.415028
1541.59,0.41099128
1541.6,0.4124747
1541.61,0.41362205
1541.62,0.4112245
1541.63,0.41013834
1541.64,0.41091937
1541.65,0.41240948
1541.66,0.41677392
1541.67,0.41149914
1541.68,0.41263375
1541.69,0.41550803
1541.7,0.41600585
1541.71,0.4141267
1541.72,0.4176212
1541.73,0.41870126
1541.74,0.41745648
1541.75,0.41984507
1541.76,0.4205639
1541.77,0.41945195
1541.78,0.4178874
1541.79,0.418803
1541.8,0.41754064
1541.81,0.4197045
1541.82,0.42135298
1541.83,0.42123878
1541.84,0.41997832
1541.85,0.4215004
1541.86,0.419376
1541.87,0.42117825
1541.88,0.41978106
1541.89,0.41865128
1541.9,0.4239988
1541.91,0.42393088
1541.92,0.42123875
1541.93,0.4235326
1541.94,0.42361844
1541.95,0.42109457
1541.96,0.42371
1541.97,0.42633694
1541.98,0.42195246
1541.99,0.42603242
1542.0,0.42567775
1542.01,0.42700824
1542.02,0.42485
1542.03,0.4295069
1542.04,0.4272497
1542.05,0.42793944
1542.06,0.42928657
1542.07,0.43045753
1542.08,0.43193874
1542.09,0.4339146
1542.1,0.4319516
1542.11,0.43278107
1542.12,0.43410143
1542.13,0.43347597
1542.14,0.4320578
1542.15,0.43563098
1542.16,0.4375189
1542.17,0.43748495
1542.18,0.43482187
1542.19,0.43833962
1542.2,0.43545341
1542.21,0.43382886
1542.22,0.435399
1542.23,0.43612924
1542.24,0.4354608
1542.25,0.43643856
1542.26,0.43585548
1542.27,0.44025758
1542.28,0.43974826
1542.29,0.43720335
1542.3,0.4357041
1542.31,0.43718696
1542.32,0.4407317
1542.33,0.43863106
1542.34,0.44025922
1542.35,0.4376818
1542.36,0.43843737
1542.37,0.44158798
1542.38,0.4445831
1542.39,0.44492063
1542.4,0.45137164
1542.41,0.45144412
1542.42,0.44637707
1542.43,0.4482159
1542.44,0.44938996
1542.45,0.44881403
1542.46,0.45096096
1542.47,0.4527212
1542.48,0.4537577
1542.49,0.45372027
1542.5,0.45369074
1542.51,0.4517261
1542.52,0.4523712
1542.53,0.45702875
1542.54,0.45571145
1542.55,0.45287406
1542.56,0.45579052
1542.57,0.4538508
1542.58,0.45603967
1542.59,0.45732796
1542.6,0.45711535
1542.61,0.46266907
1542.62,0.45883822
1542.63,0.46015108
1542.64,0.45953903
1542.65,0.45934752
1542.66,0.4606395
1542.67,0.46382397
1542.68,0.45941478
1542.69,0.4612099
1542.7,0.45918268
1542.71,0.45900667
1542.72,0.4645977
1542.73,0.46951663
1542.74,0.46654627
1542.75,0.46781105
1542.76,0.46672398
1542.77,0.4696477
1542.78,0.46865532
1542.79,0.46966705
1542.8,0.46950358
1542.81,0.4718157
1542.82,0.4705422
1542.83,0.47001654
1542.84,0.47033283
1542.85,0.46709365
1542.86,0.46724552
1542.87,0.47028953
1542.88,0.47346184
1542.89,0.47299087
1542.9,0.47453514
1542.91,0.47364593
1542.92,0.47464406
1542.93,0.47383913
1542.94,0.47558564
1542.95,0.4756503
1542.96,0.47553903
1542.97,0.47855368
1542.98,0.47826904
1542.99,0.4765873
1543.0,0.48056594
1543.01,0.47874916
1543.02,0.4798029
1543.03,0.4830881
1543.04,0.48306218
1543.05,0.4823078
1543.06,0.48199117
1543.07,0.48512903
1543.08,0.48090896
1543.09,0.48454
1543.1,0.48451847
1543.11,0.48393422
1543.12,0.4853519
1543.13,0.4869566
1543.14,0.49165943
1543.15,0.49494195
1543.16,0.4940863
1543.17,0.4903096
1543.18,0.4901161
1543.19,0.48587975
1543.2,0.48995128
1543.21,0.49240416
1543.22,0.4941628
1543.23,0.49084514
1543.24,0.49212214
1543.25,0.4926416
1543.26,0.49192688
1543.27,0.49545577
1543.28,0.49483094
1543.29,0.49724966
1543.3,0.49799526
1543.31,0.50117785
1543.32,0.5020461
1543.33,0.500419
1543.34,0.5009421
1543.35,0.501907
1543.36,0.5034248
1543.37,0.504648
1543.38,0.50673205
1543.39,0.5042154
1543.4,0.504183
1543.41,0.5055445
1543.42,0.5055098
1543.43,0.50331426
1543.44,0.5051618
1543.45,0.50645566
1543.46,0.5092052
1543.47,0.51166713
1543.48,0.5144674
1543.49,0.5147487
1543.5,0.51108736
1543.51,0.51021713
1543.52,0.50784093
1543.53,0.51272976
1543.54,0.50961286
1543.55,0.51195794
1543.56,0.51599723
1543.57,0.5123524
1543.58,0.5140266
1543.59,0.51643366
1543.6,0.5147806
1543.61,0.5119404
1543.62,0.5144964
1543.63,0.5145328
1543.64,0.5167538
1543.65,0.5197792
1543.66,0.52077025
1543.67,0.5175931
1543.68,0.5199112
1543.69,0.5207042
1543.7,0.522504
1543.71,0.5214053
1543.72,0.52475
1543.73,0.5242325
1543.74,0.52324134
1543.75,0.52422893
1543.76,0.52603984
1543.77,0.52813077
1543.78,0.5248706
1543.79,0.52667993
1543.8,0.52899134
1543.81,0.52589303
1543.82,0.526381
1543.83,0.53233266
1543.84,0.5331961
1543.85,0.53394544
1543.86,0.53795046
1543.87,0.5356646
1543.88,0.53127986
1543.89,0.533842
1543.9,0.53530395
1543.91,0.5377993
1543.92,0.5369098
1543.93,0.5391982
1543.94,0.5371204
1543.95,0.5387589
1543.96,0.53798133
1543.97,0.5331125
1543.98,0.53808844
1543.99,0.53945667
1544.0,0.5423016
1544.01,0.5393193
1544.02,0.53796834
1544.03,0.53985435
1544.04,0.5437761
1544.05,0.5453313
1544.06,0.5450544
1544.07,0.54192644
1544.08,0.5428848
1544.09,0.5413376
1544.1,0.542568
1544.11,0.5472245
1544.12,0.5502822
1544.13,0.548316
1544.14,0.55181134
1544.15,0.5499712
1544.16,0.55096745
1544.17,0.55516505
1544.18,0.5518852
1544.19,0.5490925
1544.2,0.5521025
1544.21,0.5506352
1544.22,0.55055803
1544.23,0.5527509
1544.24,0.5529256
1544.25,0.55674994
1544.26,0.5511251
1544.27,0.5537542
1544.28,0.5570242
1544.29,0.56069356
1544.3,0.5598958
1544.31,0.5618966
1544.32,0.5594999
1544.33,0.562677
1544.34,0.5642135
1544.35,0.56345946
1544.36,0.56363374
1544.37,0.5644654
1544.38,0.5686453
1544.39,0.56347173
1544.4,0.56694037
1544.41,0.5688114
1544.42,0.5628368
1544.43,0.568138
1544.44,0.5655068
1544.45,0.56989765
1544.46,0.57092404
1544.47,0.56981266
1544.48,0.56858546
1544.49,0.57246524
1544.5,0.57540673
1544.51,0.573426
1544.52,0.57557184
1544.53,0.57747376
1544.54,0.58048177
1544.55,0.5830615
1544.56,0.57583046
1544.57,0.5767455
1544.58,0.5779055
1544.59,0.57536036
1544.6,0.57692546
1544.61,0.57870543
1544.62,0.5793914
1544.63,0.57396466
1544.64,0.57751155
1544.65,0.58107907
1544.66,0.5795402
1544.67,0.58228284
1544.68,0.58483744
1544.69,0.58373034
1544.7,0.58158463
1544.71,0.5813675
1544.72,0.5836084
1544.73,0.584318
1544.74,0.5844829
1544.75,0.58197993
1544.76,0.5832736
1544.77,0.5834136
1544.78,0.5892313
1544.79,0.5903584
1544.8,0.59286094
1544.81,0.59120214
1544.82,0.5913821
1544.83,0.5894976
1544.84,0.5931195
1544.85,0.5931137
1544.86,0.5914778
1544.87,0.5944197
1544.88,0.594701
1544.89,0.59767926
1544.9,0.59674317
1544.91,0.59484744
1544.92,0.59611607
1544.93,0.5950393
1544.94,0.59944874
1544.95,0.59813625
1544.96,0.5982052
1544.97,0.5966806
1544.98,0.59574896
1544.99,0.6028942
1545.0,0.6055621
1545.01,0.60466284
1545.02,0.60439306
1545.03,0.6018769
1545.04,0.6050638
1545.05,0.60855293
1545.06,0.60741395
1545.07,0.6059973
1545.08,0.6053484
1545.09,0.6017503
1545.1,0.6030563
1545.11,0.60226375
1545.12,0.60581046
1545.13,0.6068699
1545.14,0.60665405
1545.15,0.60988504
1545.16,0.6074322
1545.17,0.6080445
1545.18,0.60867447
1545.19,0.60861313
1545.2,0.6100458
1545.21,0.61221665
1545.22,0.6164115
1545.23,0.61418504
1545.24,0.6129119
1545.25,0.61584485
1545.26,0.61625427
1545.27,0.6170711
1545.28,0.61782527
1545.29,0.6155541
1545.3,0.6160073
1545.31,0.6176445
1545.32,0.62231797
1545.33,0.6180877
1545.34,0.61769813
1545.35,0.61858916
1545.36,0.6185619
1545.37,0.61553025
1545.38,0.6160743
1545.39,0.62097883
1545.4,0.6202246
1545.41,0.6224331
1545.42,0.62276673
1545.43,0.623251
1545.44,0.6266082
1545.45,0.6251344
1545.46,0.62532145
1545.47,0.6241905
1545.48,0.62699133
1545.49,0.6245724
1545.5,0.6228141
1545.51,0.62624586
1545.52,0.6262246
1545.53,0.62854344
1545.54,0.6298812
1545.55,0.6307232
1545.56,0.63699937
1545.57,0.63539654
1545.58,0.6369052
1545.59,0.6346019
1545.6,0.6358817
1545.61,0.6344807
1545.62,0.6362201
1545.63,0.6338372
1545.64,0.63952416
1545.65,0.6345618
1545.66,0.637643
1545.67,0.6390441
1545.68,0.6366926
1545.69,0.6363525
1545.7,0.6379073
1545.71,0.63689953
1545.72,0.63363045
1545.73,0.6391194
1545.74,0.6351418
1545.75,0.6367387
1545.76,0.637837
1545.77,0.6392438
1545.78,0.64065164
1545.79,0.6413372
1545.8,0.6417635
1545.81,0.6470206
1545.82,0.644221
1545.83,0.6472199
1545.84,0.6467087
1545.85,0.6458181
1545.86,0.6488378
1545.87,0.6457226
1545.88,0.64173454
1545.89,0.6501282
1545.9,0.6481515
1545.91,0.646754
1545.92,0.64780134
1545.93,0.6489929
1545.94,0.6502253
1545.95,0.65281326
1545.96,0.65125304
1545.97,0.6540025
1545.98,0.651656
1545.99,0.6512254
1546.0,0.65291005
1546.01,0.6504021
1546.02,0.653152
1546.03,0.65371287
1546.04,0.6530356
1546.05,0.64999586
1546.06,0.65331507
1546.07,0.65863615
1546.08,0.6549842
1546.09,0.6579703
1546.1,0.6555193
1546.11,0.6553227
1546.12,0.65916604
1546.13,0.65687996
1546.14,0.65647364
1546.15,0.6581148
1546.16,0.65838885
1546.17,0.6555727
1546.18,0.6556978
1546.19,0.6581664
1546.2,0.6558556
1546.21,0.6571781
1546.22,0.6593248
1546.23,0.6595098
1546.24,0.65906495
1546.25,0.66179174
1546.26,0.6614379
1546.27,0.66642535
1546.28,0.66549814
1546.29,0.6638215
1546.3,0.6665512
1546.31,0.66685236
1546.32,0.66385156
1546.33,0.66633356
1546.34,0.6678817
1546.35,0.6656427
1546.36,0.6669498
1546.37,0.6720421
1546.38,0.6677574
1546.39,0.66978604
1546.4,0.67133015
1546.41,0.67291135
1546.42,0.66930264
1546.43,0.66849136
1546.44,0.6705853
1546.45,0.6742932
1546.46,0.67304987
1546.47,0.67432576
1546.48,0.67049915
1546.49,0.6717385
1546.5,0.67295086
1546.51,0.66976064
1546.52,0.67181903
1546.53,0.67423284
1546.54,0.67342293
1546.55,0.67430514
1546.56,0.6737267
1546.57,0.67408186
1546.58,0.6765541
1546.59,0.67474496
1546.6,0.67744654
1546.61,0.6772566
1546.62,0.6798189
1546.63,0.68068606
1546.64,0.6819823
1546.65,0.687255
1546.66,0.6834568
1546.67,0.68208766
1546.68,0.6806511
1546.69,0.6807604
1546.7,0.67837334
1546.71,0.6784579
1546.72,0.6809155
1546.73,0.6825116
1546.74,0.6810846
1546.75,0.6841149
1546.76,0.68453246
1546.77,0.6834364
1546.78,0.6850914
1546.79,0.6858006
1546.8,0.6803571
1546.81,0.6857467
1546.82,0.6816329
1546.83,0.6863984
1546.84,0.6827031
1546.85,0.6846949
1546.86,0.6858785
1546.87,0.68765867
1546.88,0.68990237
1546.89,0.6921002
1546.9,0.6951323
1546.91,0.6976679
1546.92,0.69569016
1546.93,0.69451374
1546.94,0.6953602
1546.95,0.6974657
1546.96,0.6979383
1546.97,0.6983271
1546.98,0.6987888
1546.99,0.6972629
1547.0,0.69848627
1547.01,0.6982132
1547.02,0.70199746
1547.03,0.70211804
1547.04,0.7037999
1547.05,0.70257604
1547.06,0.70040804
1547.07,0.69837195
1547.08,0.6946662
1547.09,0.6975012
1547.1,0.69638205
1547.11,0.7008148
1547.12,0.69776005
1547.13,0.7000084
1547.14,0.70146453
1547.15,0.6998775
1547.16,0.7042401
1547.17,0.70149076
1547.18,0.7016745
1547.19,0.70359534
1547.2,0.70108515
1547.21,0.7029675
1547.22,0.704054
1547.23,0.7018638
1547.24,0.70442855
1547.25,0.7060102
1547.26,0.7049671
1547.27,0.7044291
1547.28,0.7063736
1547.29,0.70593107
1547.3,0.7104569
1547.31,0.7097353
1547.32,0.711556
1547.33,0.7124227
1547.34,0.71371377
1547.35,0.71073264
1547.36,0.71009356
1547.37,0.70939606
1547.38,0.7087565
1547.39,0.7086987
1547.4,0.7110699
1547.41,0.7145684
1547.42,0.7154033
1547.43,0.7140005
1547.44,0.71184796
1547.45,0.7108659
1547.46,0.71438706
1547.47,0.71592206
1547.48,0.71499866
1547.49,0.7160727
1547.5,0.7169781
1547.51,0.7149527
1547.52,0.7193247
1547.53,0.7161023
1547.54,0.7173281
1547.55,0.7184801
1547.56,0.7197838
1547.57,0.71915346
1547.58,0.71823174
1547.59,0.7162034
1547.6,0.71846426
1547.61,0.7176117
1547.62,0.7188167
1547.63,0.7201757
1547.64,0.7237865
1547.65,0.7204108
1547.66,0.7186807
1547.67,0.71838784
1547.68,0.7214794
1547.69,0.72466105
1547.7,0.7269034
1547.71,0.7256273
1547.72,0.72058785
1547.73,0.7208698
1547.74,0.72492564
1547.75,0.7255236
1547.76,0.72724074
1547.77,0.7285912
1547.78,0.727265
1547.79,0.72743976
1547.8,0.7277821
1547.81,0.7240947
1547.82,0.723834
1547.83,0.725208
1547.84,0.7248142
1547.85,0.7288313
1547.86,0.7243056
1547.87,0.7262978
1547.88,0.72278684
1547.89,0.7277355
1547.9,0.7318823
1547.91,0.7279453
1547.92,0.7310194
1547.93,0.73118395
1547.94,0.73091906
1547.95,0.73283905
1547.96,0.7356181
1547.97,0.74133694
1547.98,0.7383327
1547.99,0.7367317
1548.0,0.7360481
1548.01,0.7359876
1548.02,0.7381637
1548.03,0.73703945
1548.04,0.7402573
1548.05,0.73615086
1548.06,0.7359452
1548.07,0.73672026
1548.08,0.7379548
1548.09,0.7368825
1548.1,0.73685735
1548.11,0.73444235
1548.12,0.7368753
1548.13,0.73571134
1548.14,0.7348577
1548.15,0.73613924
1548.16,0.73642206
1548.17,0.7403139
1548.18,0.7371087
1548.19,0.73664844
1548.2,0.7375691
1548.21,0.7369072
1548.22,0.7338198
1548.23,0.73707306
1548.24,0.739448
1548.25,0.73914355
1548.26,0.7418897
1548.27,0.7392236
1548.28,0.7419639
1548.29,0.7374296
1548.3,0.7366604
1548.31,0.73989606
1548.32,0.74021745
1548.33,0.73858696
1548.34,0.7416637
1548.35,0.7442138
1548.36,0.7440688
1548.37,0.7419054
1548.38,0.7434209
1548.39,0.7430153
1548.4,0.74766964
1548.41,0.7507702
1548.42,0.7486651
1548.43,0.74782914
1548.44,0.74596024
1548.45,0.7449083
1548.46,0.7452427
1548.47,0.74725145
1548.48,0.7489717
1548.49,0.74998564
1548.5,0.7497361
1548.51,0.7504079
1548.52,0.7492568
1548.53,0.74938387
1548.54,0.747402
1548.55,0.7498496
1548.56,0.74695826
1548.57,0.7491126
1548.58,0.74937624
1548.59,0.7510282
1548.6,0.7508183
1548.61,0.7499218
1548.62,0.74925876
1548.63,0.7481996
1548.64,0.75005394
1548.65,0.75003886
1548.66,0.7510407
1548.67,0.7521941
1548.68,0.7501448
1548.69,0.7540847
1548.7,0.7541337
1548.71,0.75577974
1548.72,0.7530765
1548.73,0.75236344
1548.74,0.75143385
1548.75,0.7550812
1548.76,0.75621563
1548.77,0.7549935
1548.78,0.75354356
1548.79,0.7544264
1548.8,0.75743246
1548.81,0.7538273
1548.82,0.7541539
1548.83,0.7535133
1548.84,0.75360566
1548.85,0.7583833
1548.86,0.7556405
1548.87,0.7554218
1548.88,0.7554296
1548.89,0.7541283
1548.9,0.75302225
1548.91,0.7575788
1548.92,0.7572177
1548.93,0.75434387
1548.94,0.7545872
1548.95,0.75866723
1548.96,0.75673264
1548.97,0.76125735
1548.98,0.7595736
1548.99,0.76037055
1549.0,0.7599163
1549.01,0.7583816
1549.02,0.7607636
1549.03,0.7619523
1549.04,0.7622451
1549.05,0.75876135
1549.06,0.762388
1549.07,0.76355994
1549.08,0.7646742
1549.09,0.76150113
1549.1,0.7603558
1549.11,0.7556793
1549.12,0.7574298
1549.13,0.7576233
1549.14,0.76046693
1549.15,0.76086736
1549.16,0.7641763
1549.17,0.76442516
1549.18,0.7639736
1549.19,0.7596663
1549.2,0.7580882
1549.21,0.75684553
1549.22,0.76054054
1549.23,0.7587253
1549.24,0.7612083
1549.25,0.7627733
1549.26,0.7568624
1549.27,0.7614246
1549.28,0.7621111
1549.29,0.76143646
1549.3,0.76063824
1549.31,0.7629307
1549.32,0.7627284
1549.33,0.7626326
1549.34,0.7634368
1549.35,0.7665015
1549.36,0.76539594
1549.37,0.76790416
1549.38,0.7686769
1549.39,0.7646247
1549.4,0.768499
1549.41,0.7658148
1549.42,0.7628681
1549.43,0.7643686
1549.44,0.76604056
1549.45,0.76248556
1549.46,0.7649057
1549.47,0.76759857
1549.48,0.76826787
1549.49,0.7680868
1549.5,0.76660895
1549.51,0.7686212
1549.52,0.7658857
1549.53,0.76885796
1549.54,0.76760894
1549.55,0.7655124
1549.56,0.76600087
1549.57,0.76603633
1549.58,0.76490724
1549.59,0.76615417
1549.6,0.76353574
1549.61,0.76390535
1549.62,0.76658624
1549.63,0.76320165
1549.64,0.7645934
1549.65,0.76357055
1549.66,0.7603625
1549.67,0.76719904
1549.68,0.76577574
1549.69,0.7648623
1549.7,0.7637632
1549.71,0.7649201
1549.72,0.76425576
1549.73,0.76712686
1549.74,0.7692912
1549.75,0.766214
1549.76,0.7676744
1549.77,0.76958
1549.78,0.7725975
1549.79,0.7720992
1549.8,0.7698246
1549.81,0.7665231
1549.82,0.7718041
1549.83,0.7710798
1549.84,0.76825
1549.85,0.76760685
1549.86,0.77080286
1549.87,0.77261645
1549.88,0.7703587
1549.89,0.7676329
1549.9,0.7673948
1549.91,0.7689273
1549.92,0.7693212
1549.93,0.7661162
1549.94,0.7662307
1549.95,0.76692337
1549.96,0.77152085
1549.97,0.76680195
1549.98,0.76815194
1549.99,0.7719989
1550.0,0.7709196
1550.01,0.7724171
1550.02,0.7728631
1550.03,0.7715686
1550.04,0.7731494
1550.05,0.77255076
1550.06,0.7735634
1550.07,0.7731092
1550.08,0.7707186
1550.09,0.7734076
1550.1,0.77380985
1550.11,0.7710756
1550.12,0.7701945
1550.13,0.77418214
1550.14,0.7731202
1550.15,0.7750632
1550.16,0.77229136
1550.17,0.77118516
1550.18,0.774599
1550.19,0.7727673
1550.2,0.76691175
1550.21,0.77138716
1550.22,0.7722619
1550.23,0.771097
1550.24,0.76781034
1550.25,0.77165014
1550.26,0.7702374
1550.27,0.771051
1550.28,0.7707009
1550.29,0.7711823
1550.3,0.7706676
1550.31,0.7725866
1550.32,0.77211946
1550.33,0.7702125
1550.34,0.7698597
1550.35,0.7696373
1550.36,0.77055603
1550.37,0.7744218
1550.38,0.7729681
1550.39,0.77252877
1550.4,0.77445453
1550.41,0.77508444
1550.42,0.775097
1550.43,0.7715082
1550.44,0.7714405
1550.45,0.77057517
1550.46,0.7731356
1550.47,0.7718563
1550.48,0.77182645
1550.49,0.7715155
1550.5,0.77328855
1550.51,0.7728446
1550.52,0.7697228
1550.53,0.7732174
1550.54,0.77259296
1550.55,0.7730625
1550.56,0.77285105
1550.57,0.77037686
1550.58,0.7707901
1550.59,0.7719071
1550.6,0.77071005
1550.61,0.7703346
1550.62,0.7705017
1550.63,0.7702613
1550.64,0.77282536
1550.65,0.77388185
1550.66,0.7725038
1550.67,0.77199334
1550.68,0.77319264
1550.69,0.7725892
1550.7,0.7724675
1550.71,0.769361
1550.72,0.7743644
1550.73,0.77043283
1550.74,0.7721262
1550.75,0.77337295
1550.76,0.771984
1550.77,0.77168036
1550.78,0.77427435
1550.79,0.7707914
1550.8,0.7732796
1550.81,0.7750786
1550.82,0.7773056
1550.83,0.77730006
1550.84,0.777626
1550.85,0.7756611
1550.86,0.77164644
1550.87,0.7723742
1550.88,0.77053225
1550.89,0.7697104
1550.9,0.77369934
1550.91,0.7753413
1550.92,0.77532053
1550.93,0.774682
1550.94,0.7719544
1550.95,0.77376956
1550.96,0.77316725
1550.97,0.7712746
1550.98,0.76651967
1550.99,0.7719265
1551.0,0.77399844
1551.01,0.7716407
1551.02,0.7734329
1551.03,0.77390563
1551.04,0.7712601
1551.05,0.7714391
1551.06,0.76843524
1551.07,0.77261865
1551.08,0.7713333
1551.09,0.7730566
1551.1,0.76951903
1551.11,0.7735072
1551.12,0.7695903
1551.13,0.7687864
1551.14,0.77172595
1551.15,0.7725227
1551.16,0.77137387
1551.17,0.7727458
1551.18,0.772989
1551.19,0.77322745
1551.2,0.77344984
1551.21,0.7734573
1551.22,0.7753842
1551.23,0.7701016
1551.24,0.77274716
1551.25,0.7710056
1551.26,0.7708195
1551.27,0.77461404
1551.28,0.77244943
1551.29,0.7707579
1551.3,0.7693373
1551.31,0.7729908
1551.32,0.77329224
1551.33,0.77421063
1551.34,0.7737878
1551.35,0.77305585
1551.36,0.7710305
1551.37,0.7717785
1551.38,0.7750976
1551.39,0.7732047
1551.4,0.7739855
1551.41,0.7734396
1551.42,0.78198004
1551.43,0.7741185
1551.44,0.7709485
1551.45,0.7739646
1551.46,0.7738099
1551.47,0.7735635
1551.48,0.7749422
1551.49,0.7741349
1551.5,0.77541953
1551.51,0.77089006
1551.52,0.7758064
1551.53,0.7724603
1551.54,0.7759736
1551.55,0.7712914
1551.56,0.7758176
1551.57,0.7751682
1551.58,0.77178323
1551.59,0.7762235
1551.6,0.7710352
1551.61,0.76940584
1551.62,0.7743515
1551.63,0.7788777
1551.64,0.77823055
1551.65,0.777239
1551.66,0.7724227
1551.67,0.7745707
1551.68,0.7761671
1551.69,0.7764229
1551.7,0.7778617
1551.71,0.7721493
1551.72,0.7757824
1551.73,0.7723678
1551.74,0.77185833
1551.75,0.77275616
1551.76,0.7673517
1551.77,0.7659027
1551.78,0.77158934
1551.79,0.77192813
1551.8,0.7718818
1551.81,0.7731442
1551.82,0.7730055
1551.83,0.7763611
1551.84,0.7764157
1551.85,0.7737899
1551.86,0.7770288
1551.87,0.77865136
1551.88,0.7748189
1551.89,0.779786
1551.9,0.7773915
1551.91,0.7787913
1551.92,0.77796173
1551.93,0.77679604
1551.94,0.7776739
1551.95,0.77655625
1551.96,0.7728876
1551.97,0.77153736
1551.98,0.77233624
1551.99,0.7765103
1552.0,0.7754901
1552.01,0.77854246
1552.02,0.7734727
1552.03,0.7748623
1552.04,0.7733361
1552.05,0.77489483
1552.06,0.7783007
1552.07,0.77542704
1552.08,0.77556205
1552.09,0.77733326
1552.1,0.7760297
1552.11,0.77300096
1552.12,0.7742429
1552.13,0.77668226
1552.14,0.77599925
1552.15,0.77632487
1552.16,0.7784467
1552.17,0.7807845
1552.18,0.7830981
1552.19,0.7746207
1552.2,0.7778589
1552.21,0.7780182
1552.22,0.77562743
1552.23,0.7774826
1552.24,0.77826124
1552.25,0.7782961
1552.26,0.7818772
1552.27,0.7836407
1552.28,0.7842144
1552.29,0.78244454
1552.3,0.7832186
1552.31,0.7795133
1552.32,0.7807115
1552.33,0.78123486
1552.34,0.7815545
1552.35,0.78065777
1552.36,0.7800816
1552.37,0.7821862
1552.38,0.778827
1552.39,0.7772192
1552.4,0.77860445
1552.41,0.7764417
1552.42,0.775082
1552.43,0.7784742
1552.44,0.7821426
1552.45,0.77804273
1552.46,0.78309923
1552.47,0.78554577
1552.48,0.78283095
1552.49,0.7834763
1552.5,0.78078765
1552.51,0.7792463
1552.52,0.78263336
1552.53,0.7794497
1552.54,0.7807064
1552.55,0.77953225
1552.56,0.77957606
1552.57,0.78106153
1552.58,0.7817698
1552.59,0.7807932
1552.6,0.78006256
1552.61,0.78034496
1552.62,0.7812432
1552.63,0.78273046
1552.64,0.7818773
1552.65,0.7742039
1552.66,0.77777225
1552.67,0.77640796
1552.68,0.77953273
1552.69,0.775799
1552.7,0.77588797
1552.71,0.78128064
1552.72,0.78084946
1552.73,0.78338784
1552.74,0.7799564
1552.75,0.7804605
1552.76,0.78387874
1552.77,0.7807673
1552.78,0.7797842
1552.79,0.77872074
1552.8,0.7795712
1552.81,0.78118604
1552.82,0.7812793
1552.83,0.7840243
1552.84,0.78619456
1552.85,0.7785675
1552.86,0.7876211
1552.87,0.7868205
1552.88,0.7832355
1552.89,0.7847716
1552.9,0.7842988
1552.91,0.7842848
1552.92,0.7845837
1552.93,0.7824374
1552.94,0.78354466
1552.95,0.78161883
1552.96,0.7828693
1552.97,0.78596675
1552.98,0.7845252
1552.99,0.78745323
1553.0,0.7863647
1553.01,0.78505206
1553.02,0.7889446
1553.03,0.7875438
1553.04,0.7844704
1553.05,0.7852305
1553.06,0.7871399
1553.07,0.7871895
1553.08,0.7849486
1553.09,0.7878035
1553.1,0.78391254
1553.11,0.7883646
1553.12,0.7864064
1553.13,0.7866208
1553.14,0.78206134
1553.15,0.78640544
1553.16,0.78542864
1553.17,0.78376323
1553.18,0.785266
1553.19,0.78465366
1553.2,0.78372234
1553.21,0.7844639
1553.22,0.7849397
1553.23,0.7838272
1553.24,0.7820581
1553.25,0.7839623
1553.26,0.784789
1553.27,0.7840798
1553.28,0.7870636
1553.29,0.7860153
1553.3,0.78843635
1553.31,0.79011977
1553.32,0.7882295
1553.33,0.78630525
1553.34,0.7882056
1553.35,0.7880676
1553.36,0.78826445
1553.37,0.7868072
1553.38,0.78705794
1553.39,0.7822391
1553.4,0.78576964
1553.41,0.78870606
1553.42,0.78833765
1553.43,0.7837677
1553.44,0.78784835
1553.45,0.7840657
1553.46,0.78660935
1553.47,0.7846847
1553.48,0.78776383
1553.49,0.79199284
1553.5,0.7875378
1553.51,0.7887114
1553.52,0.7876354
1553.53,0.786925
1553.54,0.78551525
1553.55,0.7889565
1553.56,0.7892401
1553.57,0.787401
1553.58,0.7863504
1553.59,0.7841945
1553.6,0.785825
1553.61,0.78971064
1553.62,0.7891616
1553.63,0.78764087
1553.64,0.78879285
1553.65,0.79021436
1553.66,0.793572
1553.67,0.7929201
1553.68,0.792236
1553.69,0.7925603
1553.7,0.79184395
1553.71,0.7932658
1553.72,0.79105896
1553.73,0.7881295
1553.74,0.7904896
1553.75,0.7912379
1553.76,0.7909976
1553.77,0.7884704
1553.78,0.79020435
1553.79,0.79198194
1553.8,0.79210806
1553.81,0.79028577
1553.82,0.7903506
1553.83,0.7927803
1553.84,0.79475063
1553.85,0.79403645
1553.86,0.7974768
1553.87,0.79846257
1553.88,0.79759425
1553.89,0.79745686
1553.9,0.7963458
1553.91,0.7942435
1553.92,0.79362416
1553.93,0.79442865
1553.94,0.7954492
1553.95,0.79589105
1553.96,0.7953591
1553.97,0.796229
1553.98,0.79680926
1553.99,0.79743314
1554.0,0.7999811
1554.01,0.7980056
1554.02,0.79967743
1554.03,0.7982673
1554.04,0.7972755
1554.05,0.7983399
1554.06,0.8007695
1554.07,0.7984696
1554.08,0.79916966
1554.09,0.8008804
1554.1,0.8042225
1554.11,0.80250144
1554.12,0.7999911
1554.13,0.7965437
1554.14,0.80047715
1554.15,0.80035365
1554.16,0.79971373
1554.17,0.79866993
1554.18,0.804675
1554.19,0.8022449
1554.2,0.8012755
1554.21,0.79849213
1554.22,0.8004405
1554.23,0.8013878
1554.24,0.8043504
1554.25,0.80270296
1554.26,0.8028757
1554.27,0.8036422
1554.28,0.80215687
1554.29,0.8000458
1554.3,0.79941016
1554.31,0.797589
1554.32,0.8013314
1554.33,0.80507976
1554.34,0.8077162
1554.35,0.808077
1554.36,0.80878127
1554.37,0.8069353
1554.38,0.80831516
1554.39,0.8085221
1554.4,0.80789196
1554.41,0.80688184
1554.42,0.80646694
1554.43,0.80843925
1554.44,0.80682415
1554.45,0.8082031
1554.46,0.80703455
1554.47,0.8102857
1554.48,0.8108682
1554.49,0.8089691
1554.5,0.81204313
1554.51,0.8114141
1554.52,0.8109186
1554.53,0.8136458
1554.54,0.8115603
1554.55,0.8149798
1554.56,0.81232774
1554.57,0.81371856
1554.58,0.81370366
1554.59,0.8146322
1554.6,0.7947915
1554.61,0.81260264
1554.62,0.8140311
1554.63,0.8159294
1554.64,0.8128514
1554.65,0.82156885
1554.66,0.8204881
1554.67,0.8163005
1554.68,0.8199704
1554.69,0.8186977
1554.7,0.81848323
1554.71,0.8189669
1554.72,0.8172167
1554.73,0.817996
1554.74,0.81329024
1554.75,0.8138042
1554.76,0.8154012
1554.77,0.81599903
1554.78,0.8157406
1554.79,0.81989664
1554.8,0.8164191
1554.81,0.8185792
1554.82,0.8171031
1554.83,0.8231166
1554.84,0.82054436
1554.85,0.8212249
1554.86,0.8189595
1554.87,0.8206585
1554.88,0.82746124
1554.89,0.823209
1554.9,0.82721835
1554.91,0.82865596
1554.92,0.8278494
1554.93,0.82811546
1554.94,0.82757026
1554.95,0.82639897
1554.96,0.83098984
1554.97,0.83061785
1554.98,0.82699
1554.99,0.8246013
1555.0,0.82641566
1555.01,0.82894444
1555.02,0.82736653
1555.03,0.83200145
1555.04,0.83136976
1555.05,0.83099306
1555.06,0.8296584
1555.07,0.8317506
1555.08,0.8380639
1555.09,0.8373464
1555.1,0.8415377
1555.11,0.84018403
1555.12,0.8398634
1555.13,0.8377912
1555.14,0.84131694
1555.15,0.837011
1555.16,0.8368658
1555.17,0.8385353
1555.18,0.84374684
1555.19,0.83999
1555.2,0.84112406
1555.21,0.8453343
1555.22,0.8427442
1555.23,0.84554374
1555.24,0.8441806
1555.25,0.8441509
1555.26,0.8469419
1555.27,0.8479801
1555.28,0.84664196
1555.29,0.8436763
1555.3,0.8430416
1555.31,0.8454577
1555.32,0.84877086
1555.33,0.84561604
1555.34,0.8494005
1555.35,0.85063636
1555.36,0.84921473
1555.37,0.8526897
1555.38,0.8524083
1555.39,0.85151476
1555.4,0.85425377
1555.41,0.85399437
1555.42,0.8514405
1555.43,0.8530589
1555.44,0.8524667
1555.45,0.85563564
1555.46,0.8570461
1555.47,0.8560788
1555.48,0.85863274
1555.49,0.86018395
1555.5,0.85901225
1555.51,0.8625042
1555.52,0.86343354
1555.53,0.86343354
1555.54,0.8622031
1555.55,0.8606128
1555.56,0.86349225
1555.57,0.864422
1555.58,0.866916
1555.59,0.8659682
1555.6,0.864302
1555.61,0.8689135
1555.62,0.86819583
1555.63,0.8699871
1555.64,0.8697449
1555.65,0.87084097
1555.66,0.8694881
1555.67,0.8745889
1555.68,0.8715621
1555.69,0.87374485
1555.7,0.87513965
1555.71,0.87520283
1555.72,0.87630504
1555.73,0.878747
1555.74,0.8780114
1555.75,0.8814736
1555.76,0.8819447
1555.77,0.8851433
1555.78,0.883851
1555.79,0.884408
1555.8,0.8816328
1555.81,0.8846838
1555.82,0.8853943
1555.83,0.8848394
1555.84,0.8850701
1555.85,0.88917565
1555.86,0.8867945
1555.87,0.887928
1555.88,0.892181
1555.89,0.8910056
1555.9,0.89090353
1555.91,0.8913553
1555.92,0.8930119
1555.93,0.8920532
1555.94,0.8919216
1555.95,0.8933111
1555.96,0.89392
1555.97,0.8940804
1555.98,0.89731556
1555.99,0.8957825
1556.0,0.8970247
1556.01,0.8992178
1556.02,0.89919436
1556.03,0.9042521
1556.04,0.9050786
1556.05,0.9033127
1556.06,0.9022059
1556.07,0.90180206
1556.08,0.9042867
1556.09,0.90562403
1556.1,0.9054937
1556.11,0.90638185
1556.12,0.9071968
1556.13,0.9050117
1556.14,0.9152931
1556.15,0.91262144
1556.16,0.91364354
1556.17,0.91273504
1556.18,0.91778797
1556.19,0.91821486
1556.2,0.91653144
1556.21,0.9153358
1556.22,0.91272426
1556.23,0.9166363
1556.24,0.917259
1556.25,0.9163172
1556.26,0.92099816
1556.27,0.9224395
1556.28,0.9257313
1556.29,0.92142767
1556.3,0.92373264
1556.31,0.9238583
1556.32,0.9213205
1556.33,0.92379004
1556.34,0.92476994
1556.35,0.9244843
1556.36,0.92433894
1556.37,0.9249794
1556.38,0.9275681
1556.39,0.9274528
1556.4,0.92808807
1556.41,0.9295141
1556.42,0.92860645
1556.43,0.9333839
1556.44,0.93739635
1556.45,0.9397064
1556.46,0.9390914
1556.47,0.9387587
1556.48,0.939859
1556.49,0.938271
1556.5,0.9354564
1556.51,0.93928796
1556.52,0.9407757
1556.53,0.94434166
1556.54,0.9459047
1556.55,0.94411486
1556.56,0.944524
1556.57,0.944996
1556.58,0.9409746
1556.59,0.9463453
1556.6,0.9476949
1556.61,0.94736516
1556.62,0.9465443
1556.63,0.9506977
1556.64,0.94877154
1556.65,0.947456
1556.66,0.94878
1556.67,0.9478512
1556.68,0.9480641
1556.69,0.94941014
1556.7,0.95235246
1556.71,0.9503717
1556.72,0.955681
1556.73,0.957828
1556.74,0.95569706
1556.75,0.9566445
1556.76,0.95587844
1556.77,0.9556732
1556.78,0.9564931
1556.79,0.9586975
1556.8,0.96626145
1556.81,0.96479017
1556.82,0.96328336
1556.83,0.97027236
1556.84,0.9648945
1556.85,0.96658903
1556.86,0.96854234
1556.87,0.9676217
1556.88,0.9666775
1556.89,0.9682386
1556.9,0.9688141
1556.91,0.9674334
1556.92,0.97004825
1556.93,0.9724778
1556.94,0.9720772
1556.95,0.9715803
1556.96,0.97150046
1556.97,0.97319925
1556.98,0.9726383
1556.99,0.976099
1557.0,0.97509116
1557.01,0.97178614
1557.02,0.97387844
1557.03,0.975303
1557.04,0.9751274
1557.05,0.9727321
1557.06,0.97675437
1557.07,0.9788065
1557.08,0.9739654
1557.09,0.97569114
1557.1,0.97689146
1557.11,0.97615314
1557.12,0.97879636
1557.13,0.98145527
1557.14,0.98535746
1557.15,0.98555297
1557.16,0.98911667
1557.17,0.9868392
1557.18,0.98237187
1557.19,0.98193383
1557.2,0.9858678
1557.21,0.9831893
1557.22,0.9822922
1557.23,0.9854304
1557.24,0.9828234
1557.25,0.98421896
1557.26,0.98259646
1557.27,0.9850909
1557.28,0.9876998
1557.29,0.98380667
1557.3,0.98751915
1557.31,0.99143744
1557.32,0.991266
1557.33,0.99383885
1557.34,0.9906453
1557.35,0.9897577
1557.36,0.99222505
1557.37,0.98502445
1557.38,0.99185354
1557.39,0.9875371
1557.4,0.9901121
1557.41,0.9890643
1557.42,0.99145794
1557.43,0.9876754
1557.44,0.9868204
1557.45,0.9898276
1557.46,0.990406
1557.47,0.99115163
1557.48,0.99368834
1557.49,0.99123263
1557.5,0.9913907
1557.51,0.9894054
1557.52,0.990999
1557.53,0.9931073
1557.54,0.99155414
1557.55,0.99233913
1557.56,0.9927978
1557.57,0.9936868
1557.58,0.9917683
1557.59,0.99416983
1557.6,0.9953079
1557.61,0.994244
1557.62,0.9924129
1557.63,0.9942794
1557.64,0.991514
1557.65,0.99392617
1557.66,0.99490094
1557.67,0.99477327
1557.68,0.99419415
1557.69,0.99677616
1557.7,0.9942556
1557.71,0.99693316
1557.72,0.99748707
1557.73,0.9970588
1557.74,0.99664026
1557.75,0.99244225
1557.76,0.99433696
1557.77,0.99884033
1557.78,0.99258494
1557.79,0.9931078
1557.8,0.9953157
1557.81,0.99473584
1557.82,0.9946448
1557.83,1.0
1557.84,0.9933179
1557.85,0.9911193
1557.86,0.9936032
1557.87,0.9929245
1557.88,0.9897277
1557.89,0.9904105
1557.9,0.9934851
1557.91,0.9898175
1557.92,0.99224216
1557.93,0.9916024
1557.94,0.99071425
1557.95,0.99088883
1557.96,0.991279
1557.97,0.98798394
1557.98,0.9896493
1557.99,0.98958015
1558.0,0.9902884
1558.01,0.9891212
1558.02,0.99112904
1558.03,0.98561
1558.04,0.98674005
1558.05,0.9870688
1558.06,0.98524266
1558.07,0.98442477
1558.08,0.9834986
1558.09,0.983088
1558.1,0.98209137
1558.11,0.9813529
1558.12,0.9825913
1558.13,0.9830492
1558.14,0.9823857
1558.15,0.981863
1558.16,0.98340935
1558.17,0.9868603
1558.18,0.9873389
1558.19,0.98436075
1558.2,0.9832022
1558.21,0.9830587
1558.22,0.97969097
1558.23,0.97792715
1558.24,0.9816735
1558.25,0.9723296
1558.26,0.9768222
1558.27,0.9752145
1558.28,0.9725145
1558.29,0.9736617
1558.3,0.9713462
1558.31,0.97016096
1558.32,0.9712007
1558.33,0.9680714
1558.34,0.970844
1558.35,0.96954906
1558.36,0.96904093
1558.37,0.9716226
1558.38,0.97049046
1558.39,0.9652378
1558.4,0.9658573
1558.41,0.96489793
1558.42,0.9671745
1558.43,0.9635501
1558.44,0.9626737
1558.45,0.9645743
1558.46,0.9628422
1558.47,0.96431625
1558.48,0.9618044
1558.49,0.9636363
1558.5,0.96243083
1558.51,0.9624145
1558.52,0.9606431
1558.53,0.95941496
1558.54,0.9596725
1558.55,0.9586301
1558.56,0.957794
1558.57,0.9567535
1558.58,0.9558407
1558.59,0.95205
1558.6,0.95640665
1558.61,0.95045304
1558.62,0.9514123
1558.63,0.95108294
1558.64,0.95016855
1558.65,0.94769555
1558.66,0.9459385
1558.67,0.9492448
1558.68,0.9453601
1558.69,0.94272554
1558.7,0.94506395
1558.71,0.9439591
1558.72,0.9440629
1558.73,0.9426915
1558.74,0.9444579
1558.75,0.93860817
1558.76,0.9363386
1558.77,0.9374159
1558.78,0.9337541
1558.79,0.93072903
1558.8,0.9317804
1558.81,0.9290326
1558.82,0.92787933
1558.83,0.9302814
1558.84,0.92500544
1558.85,0.9257072
1558.86,0.9257712
1558.87,0.92387736
1558.88,0.92269003
1558.89,0.9210934
1558.9,0.9215959
1558.91,0.9170311
1558.92,0.91502774
1558.93,0.9151813
1558.94,0.90820843
1558.95,0.90973324
1558.96,0.908607
1558.97,0.91140074
1558.98,0.9112922
1558.99,0.91009384
1559.0,0.9100901
1559.01,0.9090066
1559.02,0.9095757
1559.03,0.9095701
1559.04,0.9044977
1559.05,0.9037137
1559.06,0.90414643
1559.07,0.90273565
1559.08,0.898268
1559.09,0.9073296
1559.1,0.9004504
1559.11,0.8925747
1559.12,0.89458907
1559.13,0.8925108
1559.14,0.892092
1559.15,0.89077306
1559.16,0.89119095
1559.17,0.88915896
1559.18,0.8887663
1559.19,0.886294
1559.2,0.88635504
1559.21,0.8856801
1559.22,0.88192016
1559.23,0.8812203
1559.24,0.8810011
1559.25,0.8836441
1559.26,0.8832931
1559.27,0.8802547
1559.28,0.872489
1559.29,0.8782529
1559.3,0.87204003
1559.31,0.8726839
1559.32,0.875442
1559.33,0.8695478
1559.34,0.8712967
1559.35,0.8698982
1559.36,0.86449564
1559.37,0.8653066
1559.38,0.8594855
1559.39,0.8595947
1559.4,0.8598679
1559.41,0.85734963
1559.42,0.8585028
1559.43,0.8535631
1559.44,0.8550821
1559.45,0.85126376
1559.46,0.85307646
1559.47,0.84796536
1559.48,0.84864223
1559.49,0.84638023
1559.5,0.84529424
1559.51,0.84733844
1559.52,0.84274
1559.53,0.84196126
1559.54,0.8371233
1559.55,0.83620965
1559.56,0.83292496
1559.57,0.83594143
1559.58,0.8363734
1559.59,0.8320892
1559.6,0.83196384
1559.61,0.82932556
1559.62,0.8287841
1559.63,0.8263178
1559.64,0.82398224
1559.65,0.82395005
1559.66,0.82438755
1559.67,0.8226809
1559.68,0.82151276
1559.69,0.81974894
1559.7,0.8170766
1559.71,0.8208997
1559.72,0.81964844
1559.73,0.81983346
1559.74,0.8177097
1559.75,0.8144887
1559.76,0.81426716
1559.77,0.80939174
1559.78,0.80646336
1559.79,0.80569947
1559.8,0.802897
1559.81,0.80678135
1559.82,0.7995665
1559.83,0.7968465
1559.84,0.7978198
1559.85,0.7985223
1559.86,0.7971704
1559.87,0.79128665
1559.88,0.79617125
1559.89,0.7899264
1559.9,0.7898622
1559.91,0.7903674
1559.92,0.78685385
1559.93,0.7874067
1559.94,0.78787136
1559.95,0.78917414
1559.96,0.78371084
1559.97,0.7812629
1559.98,0.78596425
1559.99,0.7804836
1560.0,0.78163075
1560.01,0.77324456
1560.02,0.77536184
1560.03,0.7730903
1560.04,0.77234614
1560.05,0.76943034
1560.06,0.7676596
1560.07,0.7638846
1560.08,0.7614737
1560.09,0.7585751
1560.1,0.75923353
1560.11,0.76026255
1560.12,0.7576302
1560.13,0.7548761
1560.14,0.7574388
1560.15,0.7585779
1560.16,0.7557845
1560.17,0.7533231
1560.18,0.747785
1560.19,0.74964315
1560.2,0.74534506
1560.21,0.7452826
1560.22,0.74578565
1560.23,0.74385625
1560.24,0.74511
1560.25,0.7414832
1560.26,0.7410515
1560.27,0.7392783
1560.28,0.739794
1560.29,0.738555
1560.3,0.7393889
1560.31,0.7409643
1560.32,0.73659056
1560.33,0.7365201
1560.34,0.7325683
1560.35,0.72811776
1560.36,0.72731817
1560.37,0.7240791
1560.38,0.72386366
1560.39,0.72218597
1560.4,0.71899563
1560.41,0.72240275
1560.42,0.72004294
1560.43,0.71960527
1560.44,0.72062796
1560.45,0.7180771
1560.46,0.7188798
1560.47,0.71321553
1560.48,0.7058785
1560.49,0.71072066
1560.5,0.7072077
1560.51,0.71139866
1560.52,0.706403
1560.53,0.70688766
1560.54,0.7081129
1560.55,0.70402795
1560.56,0.7024536
1560.57,0.6997664
1560.58,0.7018162
1560.59,0.6991712
1560.6,0.69985795
1560.61,0.6957731
1560.62,0.69785583
1560.63,0.69437075
1560.64,0.694642
1560.65,0.69342387
1560.66,0.69005865
1560.67,0.6907361
1560.68,0.68894213
1560.69,0.68761736
1560.7,0.68871015
1560.71,0.68618405
1560.72,0.68457437
1560.73,0.6853911
1560.74,0.6809798
1560.75,0.6795129
1560.76,0.6829102
1560.77,0.67838293
1560.78,0.6772706
1560.79,0.67631894
1560.8,0.6750108
1560.81,0.67064416
1560.82,0.67194617
1560.83,0.67572427
1560.84,0.6699892
1560.85,0.6689066
1560.86,0.66481197
1560.87,0.6640937
1560.88,0.6649377
1560.89,0.6606018
1560.9,0.66093236
1560.91,0.6595891
1560.92,0.6620355
1560.93,0.65724874
1560.94,0.6563238
1560.95,0.6536384
1560.96,0.65338147
1560.97,0.6552572
1560.98,0.6531146
1560.99,0.65209085
1561.0,0.64977497
1561.01,0.6502843
1561.02,0.65161526
1561.03,0.6531345
1561.04,0.6527133
1561.05,0.65466845
1561.06,0.65381444
1561.07,0.6515863
1561.08,0.64590144
1561.09,0.6447304
1561.1,0.6422308
1561.11,0.64132315
1561.12,0.64159673
1561.13,0.6400236
1561.14,0.63467085
1561.15,0.63545406
1561.16,0.6357344
1561.17,0.6339919
1561.18,0.63142765
1561.19,0.63078254
1561.2,0.62864023
1561.21,0.62597364
1561.22,0.6254965
1561.23,0.626624
1561.24,0.62529314
1561.25,0.6256237
1561.26,0.62688166
1561.27,0.6274169
1561.28,0.62284154
1561.29,0.62173074
1561.3,0.6200442
1561.31,0.61821645
1561.32,0.6166777
1561.33,0.6173251
1561.34,0.6165699
1561.35,0.615558
1561.36,0.615343
1561.37,0.61519086
1561.38,0.612964
1561.39,0.6147145
1561.4,0.6142978
1561.41,0.6080419
1561.42,0.61316746
1561.43,0.612729
1561.44,0.60832846
1561.45,0.6037966
1561.46,0.607006
1561.47,0.6045974
1561.48,0.60580915
1561.49,0.60088503
1561.5,0.60051656
1561.51,0.6007688
1561.52,0.6011383
1561.53,0.5976827
1561.54,0.5989776
1561.55,0.5986605
1561.56,0.59670854
1561.57,0.59632576
1561.58,0.59474975
1561.59,0.5947073
1561.6,0.5950875
1561.61,0.5922357
1561.62,0.59358096
1561.63,0.5888982
1561.64,0.58903855
1561.65,0.5880138
1561.66,0.59019756
1561.67,0.5906059
1561.68,0.5886015
1561.69,0.5833187
1561.7,0.58569264
1561.71,0.58152854
1561.72,0.58346
1561.73,0.5817536
1561.74,0.5833363
1561.75,0.5811478
1561.76,0.58109784
1561.77,0.57997507
1561.78,0.5785799
1561.79,0.57940835
1561.8,0.5795801
1561.81,0.57407886
1561.82,0.57525367
1561.83,0.5745433
1561.84,0.5717271
1561.85,0.57009447
1561.86,0.57250744
1561.87,0.56818736
1561.88,0.56967103
1561.89,0.5680964
1561.9,0.57080793
1561.91,0.5660993
1561.92,0.56965744
1561.93,0.56897545
1561.94,0.5664046
1561.95,0.56448615
1561.96,0.5643795
1561.97,0.5615534
1561.98,0.56089276
1561.99,0.56361574
1562.0,0.56062704
1562.01,0.5644136
1562.02,0.5626904
1562.03,0.5623804
1562.04,0.56277555
1562.05,0.56085587
1562.06,0.5588675
1562.07,0.5588116
1562.08,0.5542012
1562.09,0.5521409
1562.1,0.5553093
1562.11,0.55448925
1562.12,0.54851043
1562.13,0.5531584
1562.14,0.55465174
1562.15,0.5543154
1562.16,0.5568678
1562.17,0.5528814
1562.18,0.5482961
1562.19,0.5486513
1562.2,0.54550606
1562.21,0.54964745
1562.22,0.54496026
1562.23,0.5430348
1562.24,0.54663306
1562.25,0.5422915
1562.26,0.53874105
1562.27,0.5435151
1562.28,0.5425988
1562.29,0.53814113
1562.3,0.53804886
1562.31,0.5367706
1562.32,0.5374008
1562.33,0.53838736
1562.34,0.5400532
1562.35,0.53863233
1562.36,0.5366402
1562.37,0.53515637
1562.38,0.5322696
1562.39,0.533009
1562.4,0.53371143
1562.41,0.53102624
1562.42,0.5293072
1562.43,0.5293131
1562.44,0.53142476
1562.45,0.53310716
1562.46,0.52842426
1562.47,0.5283628
1562.48,0.5242406
1562.49,0.52442724
1562.5,0.5222304
1562.51,0.52265555
1562.52,0.52468336
1562.53,0.5253468
1562.54,0.52485716
1562.55,0.5201673
1562.56,0.52321327
1562.57,0.52335435
1562.58,0.5216924
1562.59,0.51971304
1562.6,0.52158666
1562.61,0.51854974
1562.62,0.5207257
1562.63,0.5155304
1562.64,0.51609147
1562.65,0.51570344
1562.66,0.5179549
1562.67,0.5121287
1562.68,0.5133033
1562.69,0.51420945
1562.7,0.5130024
1562.71,0.5147961
1562.72,0.51549476
1562.73,0.5132377
1562.74,0.51134336
1562.75,0.51237756
1562.76,0.51116127
1562.77,0.51216066
1562.78,0.51206714
1562.79,0.5091836
1562.8,0.5078226
1562.81,0.50643957
1562.82,0.50365275
1562.83,0.5036534
1562.84,0.50262225
1562.85,0.5009443
1562.86,0.5003606
1562.87,0.50106514
1562.88,0.4988567
1562.89,0.4999833
1562.9,0.5020191
1562.91,0.50100005
1562.92,0.49899074
1562.93,0.49428248
1562.94,0.49691564
1562.95,0.4979545
1562.96,0.4947009
1562.97,0.49573722
1562.98,0.4977361
1562.99,0.4946239
1563.0,0.49239147
1563.01,0.48953316
1563.02,0.4900965
1563.03,0.48855275
1563.04,0.48569542
1563.05,0.48529997
1563.06,0.48840055
1563.07,0.48894548
1563.08,0.48961774
1563.09,0.48561543
1563.1,0.4867066
1563.11,0.48300076
1563.12,0.48297387
1563.13,0.48298064
1563.14,0.48563552
1563.15,0.47478276
1563.16,0.48195535
1563.17,0.4802292
1563.18,0.47857976
1563.19,0.47700784
1563.2,0.47932673
1563.21,0.47755876
1563.22,0.4781555
1563.23,0.47876436
1563.24,0.48177028
1563.25,0.47890112
1563.26,0.4800862
1563.27,0.47858107
1563.28,0.47766608
1563.29,0.47866574
1563.3,0.4796212
1563.31,0.47389117
1563.32,0.47417045
1563.33,0.4727203
1563.34,0.4759212
1563.35,0.4717694
1563.36,0.47208938
1563.37,0.4758483
1563.38,0.47300678
1563.39,0.47180825
1563.4,0.47170362
1563.41,0.47239667
1563.42,0.4742276
1563.43,0.47308907
1563.44,0.46984887
1563.45,0.46905586
1563.46,0.46938553
1563.47,0.4675953
1563.48,0.4657058
1563.49,0.4620435
1563.5,0.4625282
1563.51,0.45789573
1563.52,0.45656207
1563.53,0.45807546
1563.54,0.45857483
1563.55,0.45731774
1563.56,0.4560479
1563.57,0.45642006
1563.58,0.45550138
1563.59,0.45744553
1563.6,0.4565105
1563.61,0.45604244
1563.62,0.45485613
1563.63,0.45720223
1563.64,0.45591888
1563.65,0.4487264
1563.66,0.44715443
1563.67,0.4505875
1563.68,0.4500156
1563.69,0.44988832
1563.7,0.44946802
1563.71,0.44790334
1563.72,0.44669554
1563.73,0.45020682
1563.74,0.4472412
1563.75,0.44527647
1563.76,0.44604957
1563.77,0.4444879
1563.78,0.4466036
1563.79,0.44517443
1563.8,0.44104943
1563.81,0.44329086
1563.82,0.44090906
1563.83,0.4431092
1563.84,0.44122708
1563.85,0.4415003
1563.86,0.44303784
1563.87,0.4391781
1563.88,0.4428102
1563.89,0.43842745
1563.9,0.43815586
1563.91,0.4421546
1563.92,0.43857807
1563.93,0.44093806
1563.94,0.437923
1563.95,0.43481073
1563.96,0.4351903
1563.97,0.43600884
1563.98,0.43423006
1563.99,0.43521205
1564.0,0.43455872
1564.01,0.432693
1564.02,0.43304136
1564.03,0.43251652
1564.04,0.432274
1564.05,0.42954922
1564.06,0.43170685
1564.07,0.42901257
1564.08,0.42666078
1564.09,0.42894953
1564.1,0.42711976
1564.11,0.42658675
1564.12,0.4270775
1564.13,0.42839387
1564.14,0.42182347
1564.15,0.42219585
1564.16,0.42299476
1564.17,0.42970175
1564.18,0.42562822
1564.19,0.42189088
1564.2,0.42417496
1564.21,0.42280114
1564.22,0.4196188
1564.23,0.42259392
1564.24,0.42264155
1564.25,0.42145047
1564.26,0.42204314
1564.27,0.4201873
1564.28,0.41571385
1564.29,0.4172602
1564.3,0.41710007
1564.31,0.41568884
1564.32,0.41385496
1564.33,0.41177264
1564.34,0.41590908
1564.35,0.41309536
1564.36,0.4118305
1564.37,0.41491058
1564.38,0.41465595
1564.39,0.414274
1564.4,0.41300637
1564.41,0.41406852
1564.42,0.40999895
1564.43,0.40795198
1564.44,0.40931973
1564.45,0.40934357
1564.46,0.4124006
1564.47,0.4112121
1564.48,0.40489087
1564.49,0.40809885
1564.5,0.40595254
1564.51,0.4066105
1564.52,0.40835154
1564.53,0.40412286
1564.54,0.40240002
1564.55,0.40410873
1564.56,0.40163955
1564.57,0.40152362
1564.58,0.40345782
1564.59,0.40378773
1564.6,0.40239412
1564.61,0.3985685
1564.62,0.4032865
1564.63,0.4061994
1564.64,0.40262893
1564.65,0.40366757
1564.66,0.40119433
1564.67,0.4005544
1564.68,0.39851552
1564.69,0.40078938
1564.7,0.39883348
1564.71,0.39403552
1564.72,0.39397734
1564.73,0.39476353
1564.74,0.393996
1564.75,0.392988
1564.76,0.39644542
1564.77,0.39541438
1564.78,0.39703798
1564.79,0.39372328
1564.8,0.39071298
1564.81,0.3884413
1564.82,0.38719302
1564.83,0.39307648
1564.84,0.39138654
1564.85,0.38868415
1564.86,0.39125225
1564.87,0.3904874
1564.88,0.38896254
1564.89,0.38566616
1564.9,0.38278794
1564.91,0.3826648
1564.92,0.38054597
1564.93,0.38711718
1564.94,0.38389447
1564.95,0.3861357
1564.96,0.38260594
1564.97,0.38241902
1564.98,0.3837016
1564.99,0.38327232
1565.0,0.3816771
1565.01,0.38045612
1565.02,0.3826775
1565.03,0.37813047
1565.04,0.377543
1565.05,0.37734005
1565.06,0.38034552
1565.07,0.37925023
1565.08,0.38102123
1565.09,0.37768114
1565.1,0.37733403
1565.11,0.3788031
1565.12,0.38013387
1565.13,0.3735762
1565.14,0.37251958
1565.15,0.3713216
1565.16,0.37135464
1565.17,0.37207985
1565.18,0.37209934
1565.19,0.37512627
1565.2,0.37385967
1565.21,0.37488255
1565.22,0.37316185
1565.23,0.37058616
1565.24,0.3700207
1565.25,0.37188587
1565.26,0.37172526
1565.27,0.3705247
1565.28,0.369903
1565.29,0.3649659
1565.3,0.36747405
1565.31,0.36460245
1565.32,0.3625581
1565.33,0.36351836
1565.34,0.361865
1565.35,0.36576885
1565.36,0.36531833
1565.37,0.36411262
1565.38,0.3635492
1565.39,0.36154035
1565.4,0.36350724
1565.41,0.36001742
1565.42,0.35912812
1565.43,0.3616655
1565.44,0.3580571
1565.45,0.36056653
1565.46,0.3589325
1565.47,0.3678712
1565.48,0.36036992
1565.49,0.35801274
1565.5,0.3587813
1565.51,0.36223832
1565.52,0.3551989
1565.53,0.35662717
1565.54,0.35581908
1565.55,0.3554857
1565.56,0.3526855
1565.57,0.35266423
1565.58,0.3532953
1565.59,0.35331717
1565.6,0.35434097
1565.61,0.352986
1565.62,0.3493528
1565.63,0.35266674
1565.64,0.35320297
1565.65,0.34853405
1565.66,0.35225278
1565.67,0.34869587
1565.68,0.3491223
1565.69,0.34574273
1565.7,0.34344393
1565.71,0.3524845
1565.72,0.35209808
1565.73,0.3485042
1565.74,0.34925625
1565.75,0.34677202
1565.76,0.3463867
1565.77,0.34498286
1565.78,0.3453677
1565.79,0.34502196
1565.8,0.34064394
1565.81,0.34420988
1565.82,0.3429997
1565.83,0.34270933
1565.84,0.34526744
1565.85,0.34217572
1565.86,0.34178936
1565.87,0.34446204
1565.88,0.3418339
1565.89,0.3421483
1565.9,0.34160212
1565.91,0.34314653
1565.92,0.34254754
1565.93,0.34214523
1565.94,0.34233925
1565.95,0.34052348
1565.96,0.3426544
1565.97,0.34495467
1565.98,0.34002182
1565.99,0.33652785
1566.0,0.3394261
1566.01,0.33283284
1566.02,0.33464128
1566.03,0.33701319
1566.04,0.3389432
1566.05,0.3346045
1566.06,0.3336886
1566.07,0.33124465
1566.08,0.33110735
1566.09,0.33311516
1566.1,0.33071154
1566.11,0.32853198
1566.12,0.330444
1566.13,0.33064792
1566.14,0.32703498
1566.15,0.3283715
1566.16,0.32267237
1566.17,0.32663086
1566.18,0.32734922
1566.19,0.3289293
1566.2,0.32819372
1566.21,0.32838777
1566.22,0.33012137
1566.23,0.324682
1566.24,0.32652712
1566.25,0.32666615
1566.26,0.32379392
1566.27,0.3213558
1566.28,0.3236263
1566.29,0.32181183
1566.3,0.32593793
1566.31,0.32521808
1566.32,0.32543826
1566.33,0.32354
1566.34,0.3228737
1566.35,0.32191658
1566.36,0.31873572
1566.37,0.31663364
1566.38,0.3195811
1566.39,0.31727526
1566.4,0.3161532
1566.41,0.32013348
1566.42,0.31498262
1566.43,0.3153536
1566.44,0.31514505
1566.45,0.31776747
1566.46,0.31782195
1566.47,0.3175634
1566.48,0.31862307
1566.49,0.3121321
1566.5,0.3146423
1566.51,0.31256923
1566.52,0.31230313
1566.53,0.31075463
1566.54,0.31004027
1566.55,0.31073624
1566.56,0.31300026
1566.57,0.31132197
1566.58,0.31182048
1566.59,0.3137205
1566.6,0.31221744
1566.61,0.30876124
1566.62,0.3086105
1566.63,0.3084049
1566.64,0.31077036
1566.65,0.30628192
1566.66,0.30795905
1566.67,0.30720067
1566.68,0.30599466
1566.69,0.30666608
1566.7,0.3034929
1566.71,0.3057397
1566.72,0.30233124
1566.73,0.30240935
1566.74,0.30140513
1566.75,0.30172473
1566.76,0.30195186
1566.77,0.29858512
1566.78,0.30200785
1566.79,0.30189398
1566.8,0.29687583
1566.81,0.29581672
1566.82,0.29822233
1566.83,0.29676795
1566.84,0.29691038
1566.85,0.29713228
1566.86,0.29360953
1566.87,0.29994467
1566.88,0.29724303
1566.89,0.29500663
1566.9,0.3007943
1566.91,0.29753736
1566.92,0.29451603
1566.93,0.29481664
1566.94,0.29427996
1566.95,0.2926664
1566.96,0.29555514
1566.97,0.29221427
1566.98,0.29234615
1566.99,0.29091018
1567.0,0.2925028
1567.01,0.29352766
1567.02,0.28806952
1567.03,0.28664657
1567.04,0.29033893
1567.05,0.2900122
1567.06,0.289959
1567.07,0.29230797
1567.08,0.28941965
1567.09,0.2902699
1567.1,0.28817698
1567.11,0.287392
1567.12,0.28580046
1567.13,0.28388312
1567.14,0.28448147
1567.15,0.2839698
1567.16,0.28552794
1567.17,0.28398067
1567.18,0.28478
1567.19,0.28186306
1567.2,0.28534764
1567.21,0.28435677
1567.22,0.28277043
1567.23,0.28211567
1567.24,0.28295553
1567.25,0.2801699
1567.26,0.28141466
1567.27,0.27792877
1567.28,0.27991012
1567.29,0.27759805
1567.3,0.27738532
1567.31,0.2789401
1567.32,0.27643588
1567.33,0.27816433
1567.34,0.27232492
1567.35,0.2756489
1567.36,0.27592945
1567.37,0.27596995
1567.38,0.27864188
1567.39,0.2768485
1567.4,0.27456415
1567.41,0.27628332
1567.42,0.27419803
1567.43,0.27331987
1567.44,0.2735418
1567.45,0.27206168
1567.46,0.27254194
1567.47,0.27073947
1567.48,0.26441145
1567.49,0.2690152
1567.5,0.26963383
1567.51,0.26894686
1567.52,0.27006632
1567.53,0.2698631
1567.54,0.26889145
1567.55,0.26593977
1567.56,0.2672329
1567.57,0.2672931
1567.58,0.26822323
1567.59,0.26546094
1567.6,0.26724553
1567.61,0.26217392
1567.62,0.26284152
1567.63,0.26291102
1567.64,0.2639498
1567.65,0.26423338
1567.66,0.26391262
1567.67,0.26237687
1567.68,0.25932968
1567.69,0.25849625
1567.7,0.25580886
1567.71,0.2566792
1567.72,0.26009792
1567.73,0.25649577
1567.74,0.2590615
1567.75,0.25631443
1567.76,0.2604446
1567.77,0.2586406
1567.78,0.25836164
1567.79,0.25940502
1567.8,0.25702232
1567.81,0.25522825
1567.82,0.2545578
1567.83,0.25208086
1567.84,0.2533493
1567.85,0.25429115
1567.86,0.25457752
1567.87,0.25230274
1567.88,0.24998523
1567.89,0.25003445
1567.9,0.24860412
1567.91,0.2523595
1567.92,0.24856134
1567.93,0.25055215
1567.94,0.25464275
1567.95,0.25384608
1567.96,0.25075856
1567.97,0.25369024
1567.98,0.2533557
1567.99,0.25279754
1568.0,0.24942057
1568.01,0.24937655
1568.02,0.24997911
1568.03,0.24847813
1568.04,0.24591091
1568.05,0.24592328
1568.06,0.24461646
1568.07,0.24641827
1568.08,0.24725743
1568.09,0.24858455
1568.1,0.2473867
1568.11,0.25008243
1568.12,0.24895053
1568.13,0.24690904
1568.14,0.24495587
1568.15,0.24151516
1568.16,0.2446914
1568.17,0.24358933
1568.18,0.24333844
1568.19,0.24395525
1568.2,0.24101469
1568.21,0.23791662
1568.22,0.24000035
1568.23,0.23805769
1568.24,0.24042633
1568.25,0.23891042
1568.26,0.23506536
1568.27,0.23829365
1568.28,0.23805921
1568.29,0.23651049
1568.3,0.23677664
1568.31,0.23520534
1568.32,0.23190026
1568.33,0.23441082
1568.34,0.23202209
1568.35,0.23142594
1568.36,0.23237094
1568.37,0.23237884
1568.38,0.23261636
1568.39,0.23105873
1568.4,0.22961427
1568.41,0.22830516
1568.42,0.2280811
1568.43,0.22999117
1568.44,0.22486289
1568.45,0.22964399
1568.46,0.23063691
1568.47,0.227737
1568.48,0.23020342
1568.49,0.22626016
1568.5,0.22549747
1568.51,0.2242953
1568.52,0.22568455
1568.53,0.2238601
1568.54,0.2267212
1568.55,0.22698921
1568.56,0.22427346
1568.57,0.22388332
1568.58,0.2220609
1568.59,0.22634804
1568.6,0.22191775
1568.61,0.22424708
1568.62,0.22204646
1568.63,0.22476856
1568.64,0.22239101
1568.65,0.22245343
1568.66,0.22132131
1568.67,0.22303404
1568.68,0.22315887
1568.69,0.22187945
1568.7,0.22158585
1568.71,0.21903625
1568.72,0.21798563
1568.73,0.2191854
1568.74,0.21658382
1568.75,0.21856412
1568.76,0.21937191
1568.77,0.22053081
1568.78,0.21917054
1568.79,0.2167172
1568.8,0.21663177
1568.81,0.21370184
1568.82,0.21361975
1568.83,0.21147376
1568.84,0.2141531
1568.85,0.21288307
1568.86,0.20998439
1568.87,0.20932661
1568.88,0.20888273
1568.89,0.21150626
1568.9,0.20696566
1568.91,0.20951039
1568.92,0.20546456
1568.93,0.20577076
1568.94,0.20769057
1568.95,0.20608087
1568.96,0.2047576
1568.97,0.20496355
1568.98,0.20457767
1568.99,0.20548852
1569.0,0.20704867
1569.01,0.20581968
1569.02,0.20690751
1569.03,0.20611697
1569.04,0.20741935
1569.05,0.2035022
1569.06,0.20443958
1569.07,0.20509908
1569.08,0.20536748
1569.09,0.20714337
1569.1,0.20621172
1569.11,0.20309754
1569.12,0.20376119
1569.13,0.20086686
1569.14,0.20103773
1569.15,0.19990894
1569.16,0.19816045
1569.17,0.19903421
1569.18,0.20145151
1569.19,0.20083827
1569.2,0.20556372
1569.21,0.20403692
1569.22,0.19755428
1569.23,0.1972774
1569.24,0.19885837
1569.25,0.19792254
1569.26,0.19781108
1569.27,0.19689631
1569.28,0.1954612
1569.29,0.19683592
1569.3,0.19536133
1569.31,0.19490188
1569.32,0.1955745
1569.33,0.1952025
1569.34,0.19356571
1569.35,0.19317485
1569.36,0.19388759
1569.37,0.19366711
1569.38,0.19333255
1569.39,0.18945363
1569.4,0.18908738
1569.41,0.1879201
1569.42,0.18943407
1569.43,0.19053629
1569.44,0.19029857
1569.45,0.19133846
1569.46,0.19243912
1569.47,0.18995453
1569.48,0.19184656
1569.49,0.19451919
1569.5,0.1869239
1569.51,0.18898891
1569.52,0.1885915
1569.53,0.18583024
1569.54,0.18386456
1569.55,0.18337582
1569.56,0.18627636
1569.57,0.18306555
1569.58,0.18104027
1569.59,0.18759316
1569.6,0.18286175
1569.61,0.18301813
1569.62,0.18451805
1569.63,0.18323377
1569.64,0.18163647
1569.65,0.18376905
1569.66,0.18263133
1569.67,0.17941181
1569.68,0.18407172
1569.69,0.1861069
1569.7,0.17973624
1569.71,0.18313795
1569.72,0.18335423
1569.73,0.17990924
1569.74,0.18253802
1569.75,0.1797934
1569.76,0.18186194
1569.77,0.1784186
1569.78,0.17607029
1569.79,0.17784892
1569.8,0.17593336
1569.81,0.17788772
1569.82,0.17270203
1569.83,0.18000515
1569.84,0.17970794
1569.85,0.17945048
1569.86,0.18031475
1569.87,0.1845165
1569.88,0.17810997
1569.89,0.17886733
1569.9,0.17622717
1569.91,0.17660919
1569.92,0.17512976
1569.93,0.17348205
1569.94,0.17428134
1569.95,0.17247634
1569.96,0.17211948
1569.97,0.17395999
1569.98,0.1719371
1569.99,0.17238642
1570.0,0.1683944
1570.01,0.1719164
1570.02,0.17535885
1570.03,0.17550187
1570.04,0.17517798
1570.05,0.1761728
1570.06,0.17423972
1570.07,0.17413747
1570.08,0.17058825
1570.09,0.17160583
1570.1,0.16997892
1570.11,0.1687568
1570.12,0.16659124
1570.13,0.17130817
1570.14,0.16927764
1570.15,0.16781893
1570.16,0.169211
1570.17,0.17092866
1570.18,0.16848527
1570.19,0.16653416
1570.2,0.1678141
1570.21,0.17034255
1570.22,0.16946143
1570.23,0.16770133
1570.24,0.1658155
1570.25,0.1646321
1570.26,0.1652278
1570.27,0.16387556
1570.28,0.16588369
1570.29,0.16633579
1570.3,0.16256201
1570.31,0.16442253
1570.32,0.16177996
1570.33,0.1598145
1570.34,0.16174087
1570.35,0.16014013
1570.36,0.16256215
1570.37,0.16227232
1570.38,0.16206914
1570.39,0.16164972
1570.4,0.15944137
1570.41,0.16101491
1570.42,0.16263612
1570.43,0.1627605
1570.44,0.16400543
1570.45,0.16186686
1570.46,0.16153859
1570.47,0.16058911
1570.48,0.16158171
1570.49,0.16297072
1570.5,0.16379419
1570.51,0.16095684
1570.52,0.15925805
1570.53,0.16082262
1570.54,0.1609202
1570.55,0.15475799
1570.56,0.15707754
1570.57,0.15590109
1570.58,0.15577847
1570.59,0.15919231
1570.6,0.15622836
1570.61,0.15878265
1570.62,0.15642457
1570.63,0.15497182
1570.64,0.15673713
1570.65,0.15421759
1570.66,0.1537072
1570.67,0.15611361
1570.68,0.15366197
1570.69,0.15303533
1570.7,0.15543997
1570.71,0.15460774
1570.72,0.15635109
1570.73,0.15625584
1570.74,0.15290387
1570.75,0.15622056
1570.76,0.15285787
1570.77,0.15276724
1570.78,0.14729439
1570.79,0.14826529
1570.8,0.14624354
1570.81,0.1486692
1570.82,0.15081199
1570.83,0.15059529
1570.84,0.14960553
1570.85,0.1462236
1570.86,0.14908423
1570.87,0.14789562
1570.88,0.14606984
1570.89,0.14579813
1570.9,0.14631884
1570.91,0.14967355
1570.92,0.14873981
1570.93,0.14956807
1570.94,0.14541012
1570.95,0.14936993
1570.96,0.1467851
1570.97,0.14695624
1570.98,0.14642099
1570.99,0.14751625
1571.0,0.14777109
1571.01,0.14458925
1571.02,0.14535168
1571.03,0.14466019
1571.04,0.14353034
1571.05,0.14350063
1571.06,0.1454427
1571.07,0.1433772
1571.08,0.14363442
1571.09,0.1412161
1571.1,0.14267386
1571.11,0.14279991
1571.12,0.14471593
1571.13,0.14402021
1571.14,0.14532459
1571.15,0.14484553
1571.16,0.14487152
1571.17,0.14130719
1571.18,0.14305
1571.19,0.14208412
1571.2,0.13983251
1571.21,0.14172614
1571.22,0.1409719
1571.23,0.13872145
1571.24,0.13824958
1571.25,0.1395294
1571.26,0.1373789
1571.27,0.1403097
1571.28,0.13878223
1571.29,0.13884284
1571.3,0.13838613
1571.31,0.13788159
1571.32,0.13602087
1571.33,0.13422275
1571.34,0.13633518
1571.35,0.13696122
1571.36,0.13939027
1571.37,0.14004777
1571.38,0.14252335
1571.39,0.14092638
1571.4,0.14121044
1571.41,0.14236283
1571.42,0.13889767
1571.43,0.13603769
1571.44,0.1377845
1571.45,0.13446511
1571.46,0.13407288
1571.47,0.13546123
1571.48,0.1345777
1571.49,0.13417536
1571.5,0.13899088
1571.51,0.14070593
1571.52,0.1356024
1571.53,0.13472699
1571.54,0.13611862
1571.55,0.13648874
1571.56,0.1349333
1571.57,0.13750188
1571.58,0.13458955
1571.59,0.13509825
1571.6,0.13415807
1571.61,0.13833645
1571.62,0.13788953
1571.63,0.13538934
1571.64,0.1355788
1571.65,0.13550992
1571.66,0.13430539
1571.67,0.13460676
1571.68,0.13480133
1571.69,0.13607606
1571.7,0.13425231
1571.71,0.13827507
1571.72,0.13280827
1571.73,0.13303567
1571.74,0.13851729
1571.75,0.13535906
1571.76,0.13179511
1571.77,0.13247329
1571.78,0.1306557
1571.79,0.1305242
1571.8,0.12633002
1571.81,0.12851591
1571.82,0.1296935
1571.83,0.13017951
1571.84,0.12893283
1571.85,0.12956147
1571.86,0.13090432
1571.87,0.12717417
1571.88,0.13083565
1571.89,0.13019559
1571.9,0.12994882
1571.91,0.13317774
1571.92,0.13041922
1571.93,0.13088918
1571.94,0.13275014
1571.95,0.13059296
1571.96,0.13348188
1571.97,0.13071257
1571.98,0.12960525
1571.99,0.12570164
1572.0,0.12705193
1572.01,0.12785682
1572.02,0.1268553
1572.03,0.12873676
1572.04,0.1263989
1572.05,0.12642345
1572.06,0.12372714
1572.07,0.12540433
1572.08,0.12693883
1572.09,0.12738518
1572.1,0.12654316
1572.11,0.12785977
1572.12,0.12887302
1572.13,0.13056357
1572.14,0.13101633
1572.15,0.12940611
1572.16,0.1278193
1572.17,0.12575462
1572.18,0.12247108
1572.19,0.12570374
1572.2,0.12192726
1572.21,0.12473167
1572.22,0.12208483
1572.23,0.12315613
1572.24,0.126745
1572.25,0.12611806
1572.26,0.12632293
1572.27,0.12436807
1572.28,0.1239376
1572.29,0.12353414
1572.3,0.12561838
1572.31,0.13118707
1572.32,0.12483911
1572.33,0.12518802
1572.34,0.12233118
1572.35,0.12006037
1572.36,0.12359961
1572.37,0.123309754
1572.38,0.12075492
1572.39,0.1254889
1572.4,0.12330572
1572.41,0.123193905
1572.42,0.12128622
1572.43,0.12394636
1572.44,0.121644564
1572.45,0.12170192
1572.46,0.12210593
1572.47,0.12176132
1572.48,0.12148078
1572.49,0.120429374
1572.5,0.11934379
1572.51,0.120854266
1572.52,0.12367795
1572.53,0.12060075
1572.54,0.120108336
1572.55,0.11832848
1572.56,0.117920235
1572.57,0.11985952
1572.58,0.1152942
1572.59,0.11925722
1572.6,0.11895947
1572.61,0.11926473
1572.62,0.11908992
1572.63,0.12086594
1572.64,0.117584586
1572.65,0.12351711
1572.66,0.11890773
1572.67,0.12150573
1572.68,0.11764414
1572.69,0.11599867
1572.7,0.114863575
1572.71,0.11246111
1572.72,0.11812249
1572.73,0.115073435
1572.74,0.11709851
1572.75,0.11578052
1572.76,0.121257074
1572.77,0.11885331
1572.78,0.119323716
1572.79,0.11935562
1572.8,0.11920571
1572.81,0.11887108
1572.82,0.12146355
1572.83,0.11966325
1572.84,0.12180946
1572.85,0.11973245
1572.86,0.118229695
1572.87,0.11829949
1572.88,0.121419795
1572.89,0.121139266
1572.9,0.123404466
1572.91,0.120670386
1572.92,0.12821938
1572.93,0.122214474
1572.94,0.12149701
1572.95,0.12161695
1572.96,0.11669932
1572.97,0.11256406
1572.98,0.11417501
1572.99,0.11894939
1573.0,0.11817732
1573.01,0.119253926
1573.02,0.11978164
1573.03,0.12034115
1573.04,0.119296014
1573.05,0.117164545
1573.06,0.11572814
1573.07,0.11560444
1573.08,0.11733233
1573.09,0.11468824
1573.1,0.1142217
1573.11,0.114599146
1573.12,0.11181092
1573.13,0.11483663
1573.14,0.115297094
1573.15,0.11374652
1573.16,0.116781734
1573.17,0.11922078
1573.18,0.11374251
1573.19,0.11414337
1573.2,0.115179256
1573.21,0.11913001
1573.22,0.11531709
1573.23,0.119377114
1573.24,0.116900906
1573.25,0.11442256
1573.26,0.11425635
1573.27,0.111181036
1573.28,0.114224
1573.29,0.11273646
1573.3,0.11121722
1573.31,0.108079895
1573.32,0.107971855
1573.33,0.11183369
1573.34,0.10960276
1573.35,0.11311495
1573.36,0.112758964
1573.37,0.11316495
1573.38,0.113248296
1573.39,0.1165138
1573.4,0.11371819
1573.41,0.11785721
1573.42,0.11983756
1573.43,0.11482174
1573.44,0.11767976
1573.45,0.116049394
1573.46,0.11822061
1573.47,0.11605217
1573.48,0.11627073
1573.49,0.11664908
1573.5,0.1166999
1573.51,0.11468312
1573.52,0.113224246
1573.53,0.114749536
1573.54,0.116284475
1573.55,0.11399401
1573.56,0.11407061
1573.57,0.1136421
1573.58,0.11505251
1573.59,0.1153757
1573.6,0.115216665
1573.61,0.11485638
1573.62,0.11285245
1573.63,0.112178385
1573.64,0.115549035
1573.65,0.11830146
1573.66,0.1196192
1573.67,0.11450531
1573.68,0.111984804
1573.69,0.110696726
1573.7,0.112773344
1573.71,0.111158356
1573.72,0.11290238
1573.73,0.11306679
1573.74,0.11099112
1573.75,0.110430606
1573.76,0.11312199
1573.77,0.10815211
1573.78,0.107423216
1573.79,0.11071462
1573.8,0.10986908
1573.81,0.11179691
1573.82,0.11140068
1573.83,0.11090126
1573.84,0.112310916
1573.85,0.109785125
1573.86,0.11025322
1573.87,0.110572524
1573.88,0.10892348
1573.89,0.10726192
1573.9,0.107252926
1573.91,0.10500981
1573.92,0.10705996
1573.93,0.1075513
1573.94,0.10643508
1573.95,0.10377829
1573.96,0.1064047
1573.97,0.10823333
1573.98,0.1072645
1573.99,0.11201478
1574.0,0.11067083
1574.01,0.110690236
1574.02,0.1101711
1574.03,0.110866316
1574.04,0.11261865
1574.05,0.11583012
1574.06,0.11024823
1574.07,0.11076223
1574.08,0.11106179
1574.09,0.109598525
1574.1,0.10774149
1574.11,0.108193606
1574.12,0.10717874
1574.13,0.10565941
1574.14,0.10319398
1574.15,0.105995215
1574.16,0.10483097
1574.17,0.10145012
1574.18,0.10099643
1574.19,0.10299858
1574.2,0.10499276
1574.21,0.10996017
1574.22,0.106817506
1574.23,0.108843066
1574.24,0.106016085
1574.25,0.10549019
1574.26,0.103524104
1574.27,0.10413372
1574.28,0.103324614
1574.29,0.110423416
1574.3,0.10464025
1574.31,0.10561615
1574.32,0.105353795
1574.33,0.10500753
1574.34,0.104506
1574.35,0.10296214
1574.36,0.10273796
1574.37,0.10607243
1574.38,0.104396306
1574.39,0.10424566
1574.4,0.105711736
1574.41,0.10408693
1574.42,0.106007725
1574.43,0.10635333
1574.44,0.10333211
1574.45,0.10779777
1574.46,0.109048806
1574.47,0.10787726
1574.48,0.1057503
1574.49,0.10746814
1574.5,0.10663184
1574.51,0.1044145
1574.52,0.1065607
1574.53,0.104139246
1574.54,0.10066746
1574.55,0.10458247
1574.56,0.106302135
1574.57,0.106326245
1574.58,0.10547185
1574.59,0.10603733
1574.6,0.10567736
1574.61,0.10384006
1574.62,0.10517559
1574.63,0.100190125
1574.64,0.10392407
1574.65,0.10410442
1574.66,0.10053884
1574.67,0.103594385
1574.68,0.1015906
1574.69,0.10233426
1574.7,0.0972156
1574.71,0.10230991
1574.72,0.10193843
1574.73,0.10287787
1574.74,0.10022374
1574.75,0.10314671
1574.76,0.10355503
1574.77,0.10611359
1574.78,0.10221373
1574.79,0.10156108
1574.8,0.103853785
1574.81,0.101539254
1574.82,0.10248842
1574.83,0.102978826
1574.84,0.10457322
1574.85,0.102921315
1574.86,0.102533616
1574.87,0.104516685
1574.88,0.10278108
1574.89,0.10321647
1574.9,0.105652444
1574.91,0.10117878
1574.92,0.10490845
1574.93,0.10092341
1574.94,0.10451248
1574.95,0.10382403
1574.96,0.102315105
1574.97,0.09978778
1574.98,0.10659076
1574.99,0.102922134
1575.0,0.10114347
1575.01,0.098368905
1575.02,0.1046034
1575.03,0.103712946
1575.04,0.10320827
1575.05,0.10480571
1575.06,0.10516027
1575.07,0.10441405
1575.08,0.10217207
1575.09,0.09867856
1575.1,0.1005738
1575.11,0.10189923
1575.12,0.10111226
1575.13,0.09828676
1575.14,0.09561163
1575.15,0.096036375
1575.16,0.100578025
1575.17,0.100102834
1575.18,0.098957874
1575.19,0.09864412
1575.2,0.09914836
1575.21,0.09867658
1575.22,0.09838691
1575.23,0.0974032
1575.24,0.09677613
1575.25,0.09861361
1575.26,0.09966654
1575.27,0.1017277
1575.28,0.09939784
1575.29,0.10159434
1575.3,0.101151325
1575.31,0.09865354
1575.32,0.09854746
1575.33,0.10084407
1575.34,0.099534184
1575.35,0.101019576
1575.36,0.100341305
1575.37,0.10119957
1575.38,0.1014355
1575.39,0.098019056
1575.4,0.09690185
1575.41,0.09861956
1575.42,0.10228614
1575.43,0.09970973
1575.44,0.09874625
1575.45,0.09667462
1575.46,0.0969121
1575.47,0.09939488
1575.48,0.096755825
1575.49,0.09821962
1575.5,0.09563753
1575.51,0.0986969
1575.52,0.09900545
1575.53,0.09868158
1575.54,0.094045
1575.55,0.095733106
1575.56,0.09866977
1575.57,0.09669917
1575.58,0.09684479
1575.59,0.09634104
1575.6,0.093597546
1575.61,0.101199746
1575.62,0.098327875
1575.63,0.097301774
1575.64,0.09800294
1575.65,0.09644177
1575.66,0.09980728
1575.67,0.098496065
1575.68,0.09737208
1575.69,0.099396914
1575.7,0.0983062
1575.71,0.09670107
1575.72,0.09354622
1575.73,0.0960205
1575.74,0.0929802
1575.75,0.09698936
1575.76,0.09676262
1575.77,0.09328396
1575.78,0.096033014
1575.79,0.09421398
1575.8,0.09550109
1575.81,0.093405776
1575.82,0.09369523
1575.83,0.093622506
1575.84,0.09239052
1575.85,0.0962009
1575.86,0.09473916
1575.87,0.09678849
1575.88,0.09575897
1575.89,0.09640321
1575.9,0.09581549
1575.91,0.0964296
1575.92,0.095633395
1575.93,0.09496438
1575.94,0.093079545
1575.95,0.09189736
1575.96,0.092689104
1575.97,0.09169375
1575.98,0.096438915
1575.99,0.09810247
1576.0,0.10054405
1576.01,0.09712993
1576.02,0.09556954
1576.03,0.09747857
1576.04,0.09853897
1576.05,0.099812195
1576.06,0.10243033
1576.07,0.10110022
1576.08,0.103239186
1576.09,0.09755315
1576.1,0.098835364
1576.11,0.09836372
1576.12,0.09658595
1576.13,0.09544223
1576.14,0.096641384
1576.15,0.09171291
1576.16,0.095449604
1576.17,0.09345057
1576.18,0.09945973
1576.19,0.09566571
1576.2,0.09610948
1576.21,0.0952676
1576.22,0.09747399
1576.23,0.09814939
1576.24,0.093045175
1576.25,0.09214104
1576.26,0.095525205
1576.27,0.097977646
1576.28,0.09621415
1576.29,0.098395444
1576.3,0.09821633
1576.31,0.096830264
1576.32,0.09246361
1576.33,0.094105534
1576.34,0.09319919
1576.35,0.092931785
1576.36,0.0960877
1576.37,0.092374206
1576.38,0.0909365
1576.39,0.093224145
1576.4,0.09665397
1576.41,0.0956087
1576.42,0.09142408
1576.43,0.08943422
1576.44,0.092546806
1576.45,0.09006102
1576.46,0.08766412
1576.47,0.08982419
1576.48,0.09107737
1576.49,0.0911967
1576.5,0.09096662
1576.51,0.093079224
1576.52,0.09191137
1576.53,0.09463863
1576.54,0.09437144
1576.55,0.0922408
1576.56,0.09308724
1576.57,0.09116223
1576.58,0.08927748
1576.59,0.09454288
1576.6,0.094108716
1576.61,0.096050024
1576.62,0.0958397
1576.63,0.09443668
1576.64,0.08929129
1576.65,0.08908366
1576.66,0.09153642
1576.67,0.090902135
1576.68,0.08868495
1576.69,0.091754206
1576.7,0.09301147
1576.71,0.09512665
1576.72,0.09307953
1576.73,0.09175785
1576.74,0.09048201
1576.75,0.09024698
1576.76,0.09148522
1576.77,0.092822924
1576.78,0.09257526
1576.79,0.08800949
1576.8,0.09061963
1576.81,0.092133604
1576.82,0.09250152
1576.83,0.08687861
1576.84,0.08886867
1576.85,0.08962926
1576.86,0.08987601
1576.87,0.0894873
1576.88,0.09077624
1576.89,0.08993496
1576.9,0.09199879
1576.91,0.09178009
1576.92,0.088719375
1576.93,0.08961185
1576.94,0.09153289
1576.95,0.090468735
1576.96,0.08822734
1576.97,0.086200625
1576.98,0.090550154
1576.99,0.08894081
1577.0,0.08846617
1577.01,0.08623523
1577.02,0.089745164
1577.03,0.086548336
1577.04,0.08291618
1577.05,0.08691979
1577.06,0.084008664
1577.07,0.086546786
1577.08,0.08632019
1577.09,0.091662645
1577.1,0.08552058
1577.11,0.085530415
1577.12,0.08489104
1577.13,0.084687635
1577.14,0.0876187
1577.15,0.08535742
1577.16,0.08477074
1577.17,0.085557684
1577.18,0.084782526
1577.19,0.08497746
1577.2,0.088356905
1577.21,0.08723112
1577.22,0.089765415
1577.23,0.08911224
1577.24,0.08745349
1577.25,0.08689656
1577.26,0.0885859
1577.27,0.08819606
1577.28,0.089509085
1577.29,0.09072336
1577.3,0.09063591
1577.31,0.086125806
1577.32,0.084343016
1577.33,0.08571189
1577.34,0.08599886
1577.35,0.090522215
1577.36,0.091122106
1577.37,0.08998617
1577.38,0.08458401
1577.39,0.0889788
1577.4,0.08784077
1577.41,0.086790554
1577.42,0.08373577
1577.43,0.082144834
1577.44,0.082139954
1577.45,0.0842629
1577.46,0.08525212
1577.47,0.08411183
1577.48,0.08668488
1577.49,0.08595812
1577.5,0.08584694
1577.51,0.089465916
1577.52,0.087991
1577.53,0.08810593
1577.54,0.08449711
1577.55,0.08608634
1577.56,0.088139266
1577.57,0.08478362
1577.58,0.08525154
1577.59,0.08568538
1577.6,0.08445055
1577.61,0.081947155
1577.62,0.08173488
1577.63,0.07886121
1577.64,0.08328766
1577.65,0.08022004
1577.66,0.08117858
1577.67,0.0809251
1577.68,0.08262879
1577.69,0.084930435
1577.7,0.08074109
1577.71,0.08117738
1577.72,0.081057586
1577.73,0.08156372
1577.74,0.08071573
1577.75,0.08107992
1577.76,0.08173193
1577.77,0.08079551
1577.78,0.08130917
1577.79,0.08313143
1577.8,0.08357788
1577.81,0.081956476
1577.82,0.08277393
1577.83,0.08194547
1577.84,0.07957184
1577.85,0.07951705
1577.86,0.08019842
1577.87,0.08286263
1577.88,0.082585394
1577.89,0.084523186
1577.9,0.084434025
1577.91,0.085283026
1577.92,0.083092585
1577.93,0.08376754
1577.94,0.08550284
1577.95,0.08328301
1577.96,0.08401885
1577.97,0.08101829
1577.98,0.08682815
1577.99,0.083704956
1578.0,0.08692761
1578.01,0.08439251
1578.02,0.08307567
1578.03,0.07984911
1578.04,0.08158817
1578.05,0.08318847
1578.06,0.08200915
1578.07,0.084431015
1578.08,0.08063335
1578.09,0.08119473
1578.1,0.08348216
1578.11,0.08552877
1578.12,0.0881733
1578.13,0.086875
1578.14,0.084316045
1578.15,0.08334249
1578.16,0.08433188
1578.17,0.08248969
1578.18,0.08288448
1578.19,0.08328907
1578.2,0.08506911
1578.21,0.08154499
1578.22,0.07956283
1578.23,0.07897606
1578.24,0.07728629
1578.25,0.07702021
1578.26,0.074060164
1578.27,0.078926176
1578.28,0.07879176
1578.29,0.08038404
1578.3,0.08349326
1578.31,0.0856509
1578.32,0.08576822
1578.33,0.08084616
1578.34,0.07968563
1578.35,0.08104655
1578.36,0.0808792
1578.37,0.077285
1578.38,0.07926228
1578.39,0.081542015
1578.4,0.07863686
1578.41,0.07707376
1578.42,0.078377634
1578.43,0.08108661
1578.44,0.08134983
1578.45,0.082067624
1578.46,0.0794416
1578.47,0.08088154
1578.48,0.08104849
1578.49,0.08296103
1578.5,0.0798782
1578.51,0.080641836
1578.52,0.08024284
1578.53,0.07544753
1578.54,0.07955804
1578.55,0.07654712
1578.56,0.077342294
1578.57,0.08035136
1578.58,0.07856902
1578.59,0.07813229
1578.6,0.07978029
1578.61,0.07821638
1578.62,0.07898148
1578.63,0.08024734
1578.64,0.07960649
1578.65,0.079326294
1578.66,0.07965948
1578.67,0.08204837
1578.68,0.080044076
1578.69,0.07662876
1578.7,0.07921494
1578.71,0.07986759
1578.72,0.082174905
1578.73,0.083551966
1578.74,0.08261981
1578.75,0.079726666
1578.76,0.07908817
1578.77,0.08024265
1578.78,0.081319556
1578.79,0.08174708
1578.8,0.080767564
1578.81,0.082008794
1578.82,0.08112602
1578.83,0.0803102
1578.84,0.07970139
1578.85,0.078623585
1578.86,0.07545044
1578.87,0.07492521
1578.88,0.07498815
1578.89,0.07719207
1578.9,0.07723269
1578.91,0.07806609
1578.92,0.07580474
1578.93,0.07717885
1578.94,0.07487126
1578.95,0.074894555
1578.96,0.0776008
1578.97,0.07736595
1578.98,0.07890455
1578.99,0.079718925
1579.0,0.0762479
1579.01,0.082234226
1579.02,0.074197076
1579.03,0.07846173
1579.04,0.07891543
1579.05,0.0759209
1579.06,0.07514203
1579.07,0.07455004
1579.08,0.075507686
1579.09,0.07677934
1579.1,0.07329847
1579.11,0.07096133
1579.12,0.07064108
1579.13,0.06694864
1579.14,0.0699922
1579.15,0.070628256
1579.16,0.07484789
1579.17,0.07543354
1579.18,0.07704975
1579.19,0.076165006
1579.2,0.0730311
1579.21,0.07230333
1579.22,0.07224341
1579.23,0.073408335
1579.24,0.07709874
1579.25,0.07540829
1579.26,0.075542
1579.27,0.07359308
1579.28,0.07419748
1579.29,0.07615901
1579.3,0.07054639
1579.31,0.070327476
1579.32,0.07398193
1579.33,0.07271893
1579.34,0.07434589
1579.35,0.07621165
1579.36,0.0749618
1579.37,0.07400053
1579.38,0.07241791
1579.39,0.06959834
1579.4,0.07228881
1579.41,0.07107508
1579.42,0.069205284
1579.43,0.07515398
1579.44,0.07143876
1579.45,0.073147185
1579.46,0.07373448
1579.47,0.071525455
1579.48,0.0753711
1579.49,0.07401202
1579.5,0.07306865
1579.51,0.07257468
1579.52,0.07041859
1579.53,0.06901511
1579.54,0.069780916
1579.55,0.06760586
1579.56,0.06838188
1579.57,0.070638046
1579.58,0.06767867
1579.59,0.06386673
1579.6,0.06437813
1579.61,0.062386304
1579.62,0.06388167
1579.63,0.06542577
1579.64,0.065045275
1579.65,0.06253839
1579.66,0.06720919
1579.67,0.070212826
1579.68,0.067657836
1579.69,0.0653853
1579.7,0.06430864
1579.71,0.05868188
1579.72,0.06442581
1579.73,0.06622697
1579.74,0.07005056
1579.75,0.071120076
1579.76,0.06787402
1579.77,0.06752979
1579.78,0.06808949
1579.79,0.06517197
1579.8,0.06615095
1579.81,0.061104987
1579.82,0.06429076
1579.83,0.06772084
1579.84,0.06687581
1579.85,0.068514824
1579.86,0.06522802
1579.87,0.0663051
1579.88,0.06694007
1579.89,0.06744459
1579.9,0.068600364
1579.91,0.06778889
1579.92,0.067180134
1579.93,0.061930135
1579.94,0.063508146
1579.95,0.065866455
1579.96,0.06447284
1579.97,0.06653855
1579.98,0.065534726
1579.99,0.06714022
1580.0,0.06495204
